step_num,step_name,subtopic,problem,problem_link,problem_source,article_link,video_link,difficulty,companies_count
1,Learn the basics,Things to Know in C++/Java/Python or any language,Input Output,https://takeuforward.org/c/c-basic-input-output/,takeUforward,https://takeuforward.org/c/c-basic-input-output/,https://www.youtube.com/watch?v=EAR7De6Goz4,Easy,
1,Learn the basics,Things to Know in C++/Java/Python or any language,Cpp Basics,https://takeuforward.org/data-structure/what-are-arrays-strings,takeUforward,https://takeuforward.org/data-structure/what-are-arrays-strings,https://www.youtube.com/watch?v=EAR7De6Goz4,Easy,
1,Learn the basics,Things to Know in C++/Java/Python or any language,If ElseIf,https://takeuforward.org/if-else/if-else-statements/,takeUforward,https://takeuforward.org/if-else/if-else-statements/,https://www.youtube.com/watch?v=EAR7De6Goz4,Easy,
1,Learn the basics,Things to Know in C++/Java/Python or any language,Switch Case,https://takeuforward.org/switch-case/switch-case-statements/,takeUforward,https://takeuforward.org/switch-case/switch-case-statements/,https://www.youtube.com/watch?v=EAR7De6Goz4,Easy,
1,Learn the basics,Things to Know in C++/Java/Python or any language,"What are arrays, strings?",https://takeuforward.org/data-structure/what-are-arrays-strings,takeUforward,https://takeuforward.org/data-structure/what-are-arrays-strings,https://www.youtube.com/watch?v=EAR7De6Goz4,Easy,
1,Learn the basics,Things to Know in C++/Java/Python or any language,For loops,https://takeuforward.org/for-loop/understanding-for-loop/,takeUforward,https://takeuforward.org/for-loop/understanding-for-loop/,https://www.youtube.com/watch?v=EAR7De6Goz4,Easy,
1,Learn the basics,Things to Know in C++/Java/Python or any language,While loops,https://takeuforward.org/while-loop/while-loops-in-programming/,takeUforward,https://takeuforward.org/while-loop/while-loops-in-programming/,https://www.youtube.com/watch?v=EAR7De6Goz4,Easy,
1,Learn the basics,Things to Know in C++/Java/Python or any language,Functions (Pass by Reference and Value),https://takeuforward.org/data-structure/functions-pass-by-reference-and-value,takeUforward,https://takeuforward.org/data-structure/functions-pass-by-reference-and-value,https://www.youtube.com/watch?v=EAR7De6Goz4,Easy,
1,Learn the basics,Things to Know in C++/Java/Python or any language,Theory with examples,https://takeuforward.org/time-complexity/time-and-space-complexity-strivers-a2z-dsa-course/,takeUforward,https://takeuforward.org/time-complexity/time-and-space-complexity-strivers-a2z-dsa-course/,https://www.youtube.com/watch?v=FPu9Uld7W-E,Easy,
1,Learn the basics,Build-up Logical Thinking,Easy and Medium,https://takeuforward.org/strivers-a2z-dsa-course/must-do-pattern-problems-before-starting-dsa/,takeUforward,https://takeuforward.org/strivers-a2z-dsa-course/must-do-pattern-problems-before-starting-dsa/,https://www.youtube.com/watch?v=tNm_NNSB3_w,Easy,
1,Learn the basics,Build-up Logical Thinking,Hard,https://takeuforward.org/strivers-a2z-dsa-course/must-do-pattern-problems-before-starting-dsa/,takeUforward,https://takeuforward.org/strivers-a2z-dsa-course/must-do-pattern-problems-before-starting-dsa/,https://www.youtube.com/watch?v=tNm_NNSB3_w,Easy,
1,Learn the basics,Patterns,Pattern 1,https://takeuforward.org/strivers-a2z-dsa-course/must-do-pattern-problems-before-starting-dsa/,takeUforward,https://takeuforward.org/strivers-a2z-dsa-course/must-do-pattern-problems-before-starting-dsa/,https://www.youtube.com/watch?v=tNm_NNSB3_w,Easy,
1,Learn the basics,Patterns,Pattern 2,https://takeuforward.org/strivers-a2z-dsa-course/must-do-pattern-problems-before-starting-dsa/,takeUforward,https://takeuforward.org/strivers-a2z-dsa-course/must-do-pattern-problems-before-starting-dsa/,https://www.youtube.com/watch?v=tNm_NNSB3_w,Easy,
1,Learn the basics,Patterns,Pattern 3,https://takeuforward.org/strivers-a2z-dsa-course/must-do-pattern-problems-before-starting-dsa/,takeUforward,https://takeuforward.org/strivers-a2z-dsa-course/must-do-pattern-problems-before-starting-dsa/,https://www.youtube.com/watch?v=tNm_NNSB3_w,Easy,
1,Learn the basics,Patterns,Pattern 4,https://takeuforward.org/strivers-a2z-dsa-course/must-do-pattern-problems-before-starting-dsa/,takeUforward,https://takeuforward.org/strivers-a2z-dsa-course/must-do-pattern-problems-before-starting-dsa/,https://www.youtube.com/watch?v=tNm_NNSB3_w,Easy,
1,Learn the basics,Patterns,Pattern 5,https://takeuforward.org/strivers-a2z-dsa-course/must-do-pattern-problems-before-starting-dsa/,takeUforward,https://takeuforward.org/strivers-a2z-dsa-course/must-do-pattern-problems-before-starting-dsa/,https://www.youtube.com/watch?v=tNm_NNSB3_w,Easy,
1,Learn the basics,Patterns,Pattern 6,https://takeuforward.org/strivers-a2z-dsa-course/must-do-pattern-problems-before-starting-dsa/,takeUforward,https://takeuforward.org/strivers-a2z-dsa-course/must-do-pattern-problems-before-starting-dsa/,https://www.youtube.com/watch?v=tNm_NNSB3_w,Easy,
1,Learn the basics,Patterns,Pattern 7,https://takeuforward.org/strivers-a2z-dsa-course/must-do-pattern-problems-before-starting-dsa/,takeUforward,https://takeuforward.org/strivers-a2z-dsa-course/must-do-pattern-problems-before-starting-dsa/,https://www.youtube.com/watch?v=tNm_NNSB3_w,Easy,
1,Learn the basics,Patterns,Pattern 8,https://takeuforward.org/strivers-a2z-dsa-course/must-do-pattern-problems-before-starting-dsa/,takeUforward,https://takeuforward.org/strivers-a2z-dsa-course/must-do-pattern-problems-before-starting-dsa/,https://www.youtube.com/watch?v=tNm_NNSB3_w,Easy,
1,Learn the basics,Patterns,Pattern 9,https://takeuforward.org/strivers-a2z-dsa-course/must-do-pattern-problems-before-starting-dsa/,takeUforward,https://takeuforward.org/strivers-a2z-dsa-course/must-do-pattern-problems-before-starting-dsa/,https://www.youtube.com/watch?v=tNm_NNSB3_w,Easy,
1,Learn the basics,Patterns,Pattern 10,https://takeuforward.org/strivers-a2z-dsa-course/must-do-pattern-problems-before-starting-dsa/,takeUforward,https://takeuforward.org/strivers-a2z-dsa-course/must-do-pattern-problems-before-starting-dsa/,https://www.youtube.com/watch?v=tNm_NNSB3_w,Easy,
1,Learn the basics,Patterns,Pattern 11,https://takeuforward.org/strivers-a2z-dsa-course/must-do-pattern-problems-before-starting-dsa/,takeUforward,https://takeuforward.org/strivers-a2z-dsa-course/must-do-pattern-problems-before-starting-dsa/,https://www.youtube.com/watch?v=tNm_NNSB3_w,Easy,
1,Learn the basics,Patterns,Pattern 12,https://takeuforward.org/strivers-a2z-dsa-course/must-do-pattern-problems-before-starting-dsa/,takeUforward,https://takeuforward.org/strivers-a2z-dsa-course/must-do-pattern-problems-before-starting-dsa/,https://www.youtube.com/watch?v=tNm_NNSB3_w,Easy,
1,Learn the basics,Patterns,Pattern 13,https://takeuforward.org/strivers-a2z-dsa-course/must-do-pattern-problems-before-starting-dsa/,takeUforward,https://takeuforward.org/strivers-a2z-dsa-course/must-do-pattern-problems-before-starting-dsa/,https://www.youtube.com/watch?v=tNm_NNSB3_w,Easy,
1,Learn the basics,Patterns,Pattern 14,https://takeuforward.org/strivers-a2z-dsa-course/must-do-pattern-problems-before-starting-dsa/,takeUforward,https://takeuforward.org/strivers-a2z-dsa-course/must-do-pattern-problems-before-starting-dsa/,https://www.youtube.com/watch?v=tNm_NNSB3_w,Easy,
1,Learn the basics,Patterns,Pattern 15,https://takeuforward.org/strivers-a2z-dsa-course/must-do-pattern-problems-before-starting-dsa/,takeUforward,https://takeuforward.org/strivers-a2z-dsa-course/must-do-pattern-problems-before-starting-dsa/,https://www.youtube.com/watch?v=tNm_NNSB3_w,Easy,
1,Learn the basics,Patterns,Pattern 16,https://takeuforward.org/strivers-a2z-dsa-course/must-do-pattern-problems-before-starting-dsa/,takeUforward,https://takeuforward.org/strivers-a2z-dsa-course/must-do-pattern-problems-before-starting-dsa/,https://www.youtube.com/watch?v=tNm_NNSB3_w,Easy,
1,Learn the basics,Patterns,Pattern 17,https://takeuforward.org/strivers-a2z-dsa-course/must-do-pattern-problems-before-starting-dsa/,takeUforward,https://takeuforward.org/strivers-a2z-dsa-course/must-do-pattern-problems-before-starting-dsa/,https://www.youtube.com/watch?v=tNm_NNSB3_w,Easy,
1,Learn the basics,Patterns,Pattern 18,https://takeuforward.org/strivers-a2z-dsa-course/must-do-pattern-problems-before-starting-dsa/,takeUforward,https://takeuforward.org/strivers-a2z-dsa-course/must-do-pattern-problems-before-starting-dsa/,https://www.youtube.com/watch?v=tNm_NNSB3_w,Easy,
1,Learn the basics,Patterns,Pattern 19,https://takeuforward.org/strivers-a2z-dsa-course/must-do-pattern-problems-before-starting-dsa/,takeUforward,https://takeuforward.org/strivers-a2z-dsa-course/must-do-pattern-problems-before-starting-dsa/,https://www.youtube.com/watch?v=tNm_NNSB3_w,Easy,
1,Learn the basics,Patterns,Pattern 20,https://takeuforward.org/strivers-a2z-dsa-course/must-do-pattern-problems-before-starting-dsa/,takeUforward,https://takeuforward.org/strivers-a2z-dsa-course/must-do-pattern-problems-before-starting-dsa/,https://www.youtube.com/watch?v=tNm_NNSB3_w,Medium,
1,Learn the basics,Patterns,Pattern 21,https://takeuforward.org/strivers-a2z-dsa-course/must-do-pattern-problems-before-starting-dsa/,takeUforward,https://takeuforward.org/strivers-a2z-dsa-course/must-do-pattern-problems-before-starting-dsa/,https://www.youtube.com/watch?v=tNm_NNSB3_w,Medium,
1,Learn the basics,Patterns,Pattern 22,https://takeuforward.org/strivers-a2z-dsa-course/must-do-pattern-problems-before-starting-dsa/,takeUforward,https://takeuforward.org/strivers-a2z-dsa-course/must-do-pattern-problems-before-starting-dsa/,https://www.youtube.com/watch?v=tNm_NNSB3_w,Medium,
1,Learn the basics,Learn STL/Java-Collections or similar,STL,https://takeuforward.org/c/c-stl-tutorial-most-frequent-used-stl-containers/,takeUforward,https://takeuforward.org/c/c-stl-tutorial-most-frequent-used-stl-containers/,https://www.youtube.com/watch?v=RRVYpIET_RU,Easy,
1,Learn the basics,Learn STL/Java-Collections or similar,Java Collections,https://takeuforward.org/data-structure/java-collections,takeUforward,https://takeuforward.org/data-structure/java-collections,,Easy,
1,Learn the basics,Know Basic Maths,Count all Digits of a Number,https://takeuforward.org/data-structure/count-digits-in-a-number/,takeUforward,https://takeuforward.org/data-structure/count-digits-in-a-number/,https://www.youtube.com/watch?v=1xNbjMdbjug,Easy,
1,Learn the basics,Know Basic Maths,Reverse a number,https://crackedprep.com/reverse-integer-interview-question,crackedprep,https://takeuforward.org/maths/reverse-digits-of-a-number,https://www.youtube.com/watch?v=1xNbjMdbjug,Easy,22.0
1,Learn the basics,Know Basic Maths,Palindrome Number,https://crackedprep.com/palindrome-number-interview-question,crackedprep,https://takeuforward.org/data-structure/check-if-a-number-is-palindrome-or-not/,https://www.youtube.com/watch?v=1xNbjMdbjug,Easy,32.0
1,Learn the basics,Know Basic Maths,GCD of Two Numbers,https://takeuforward.org/data-structure/find-gcd-of-two-numbers/,takeUforward,https://takeuforward.org/data-structure/find-gcd-of-two-numbers/,https://www.youtube.com/watch?v=1xNbjMdbjug,Easy,
1,Learn the basics,Know Basic Maths,Check if the Number is Armstrong,https://leetcode.com/problems/armstrong-number/,LeetCode,https://takeuforward.org/maths/check-if-a-number-is-armstrong-number-or-not/,https://www.youtube.com/watch?v=1xNbjMdbjug,Easy,1.0
1,Learn the basics,Know Basic Maths,Print all Divisors,https://takeuforward.org/data-structure/print-all-divisors-of-a-given-number/,takeUforward,https://takeuforward.org/data-structure/print-all-divisors-of-a-given-number/,https://www.youtube.com/watch?v=1xNbjMdbjug,Easy,
1,Learn the basics,Know Basic Maths,Check for Prime Number,https://takeuforward.org/data-structure/check-if-a-number-is-prime-or-not/,takeUforward,https://takeuforward.org/data-structure/check-if-a-number-is-prime-or-not/,https://www.youtube.com/watch?v=1xNbjMdbjug,Easy,
1,Learn the basics,Learn Basic Recursion,Understand recursion by print something N times,https://takeuforward.org/recursion/introduction-to-recursion-understand-recursion-by-printing-something-n-times/,takeUforward,https://takeuforward.org/recursion/introduction-to-recursion-understand-recursion-by-printing-something-n-times/,https://www.youtube.com/watch?v=yVdKa8dnKiE,Easy,
1,Learn the basics,Learn Basic Recursion,Print name N times using recursion,https://takeuforward.org/recursion/print-name-n-times-using-recursion/,takeUforward,https://takeuforward.org/recursion/print-name-n-times-using-recursion/,https://www.youtube.com/watch?v=un6PLygfXrA,Easy,
1,Learn the basics,Learn Basic Recursion,Print 1 to N using Recursion,https://takeuforward.org/recursion/print-1-to-n-using-recursion/,takeUforward,https://takeuforward.org/recursion/print-1-to-n-using-recursion/,https://www.youtube.com/watch?v=un6PLygfXrA,Easy,
1,Learn the basics,Learn Basic Recursion,Print N to 1 using Recursion,https://takeuforward.org/recursion/print-n-to-1-using-recursion/,takeUforward,https://takeuforward.org/recursion/print-n-to-1-using-recursion/,https://www.youtube.com/watch?v=un6PLygfXrA,Easy,
1,Learn the basics,Learn Basic Recursion,Sum of First N Numbers,https://takeuforward.org/data-structure/sum-of-first-n-natural-numbers/,takeUforward,https://takeuforward.org/data-structure/sum-of-first-n-natural-numbers/,https://www.youtube.com/watch?v=69ZCDFy-OUo,Easy,
1,Learn the basics,Learn Basic Recursion,Factorial of a given number,https://takeuforward.org/data-structure/factorial-of-a-number-iterative-and-recursive,takeUforward,https://takeuforward.org/data-structure/factorial-of-a-number-iterative-and-recursive,https://www.youtube.com/watch?v=69ZCDFy-OUo,Easy,
1,Learn the basics,Learn Basic Recursion,Reverse an array,https://takeuforward.org/data-structure/reverse-a-given-array/,takeUforward,https://takeuforward.org/data-structure/reverse-a-given-array/,https://www.youtube.com/watch?v=twuC1F6gLI8,Easy,
1,Learn the basics,Learn Basic Recursion,Check if String is Palindrome or Not,https://crackedprep.com/valid-palindrome-interview-question,crackedprep,https://takeuforward.org/data-structure/check-if-the-given-string-is-palindrome-or-not/,https://www.youtube.com/watch?v=twuC1F6gLI8,Easy,39.0
1,Learn the basics,Learn Basic Recursion,Fibonacci Number,https://crackedprep.com/fibonacci-number-interview-question,crackedprep,https://takeuforward.org/arrays/print-fibonacci-series-up-to-nth-term/,https://www.youtube.com/watch?v=kvRjNm4rVBE,Easy,16.0
1,Learn the basics,Learn Basic Hashing,Basic Hashing,https://takeuforward.org/hashing/hashing-maps-time-complexity-collisions-division-rule-of-hashing-strivers-a2z-dsa-course/,takeUforward,https://takeuforward.org/hashing/hashing-maps-time-complexity-collisions-division-rule-of-hashing-strivers-a2z-dsa-course/,https://www.youtube.com/watch?v=KEs5UyBJ39g,Easy,
1,Learn the basics,Learn Basic Hashing,Counting Frequencies of Array Elements,https://takeuforward.org/data-structure/count-frequency-of-each-element-in-the-array/,takeUforward,https://takeuforward.org/data-structure/count-frequency-of-each-element-in-the-array/,,Easy,
1,Learn the basics,Learn Basic Hashing,Highest Occurring Element in an Array,https://crackedprep.com/frequency-of-the-most-frequent-element-interview-question,crackedprep,https://takeuforward.org/arrays/find-the-highest-lowest-frequency-element/,,Easy,11.0
2,Learn Important Sorting Techniques,Sorting-I,Selection Sort,https://takeuforward.org/sorting/selection-sort-algorithm/,takeUforward,https://takeuforward.org/sorting/selection-sort-algorithm/,https://www.youtube.com/watch?v=HGk_ypEuS24,Easy,
2,Learn Important Sorting Techniques,Sorting-I,Bubble Sort,https://takeuforward.org/data-structure/bubble-sort-algorithm/,takeUforward,https://takeuforward.org/data-structure/bubble-sort-algorithm/,https://www.youtube.com/watch?v=HGk_ypEuS24,Easy,
2,Learn Important Sorting Techniques,Sorting-I,Insertion Sorting,https://takeuforward.org/data-structure/insertion-sort-algorithm/,takeUforward,https://takeuforward.org/data-structure/insertion-sort-algorithm/,https://www.youtube.com/watch?v=HGk_ypEuS24,Easy,
2,Learn Important Sorting Techniques,Sorting-II,Merge Sorting,https://takeuforward.org/data-structure/merge-sort-algorithm/,takeUforward,https://takeuforward.org/data-structure/merge-sort-algorithm/,https://www.youtube.com/watch?v=ogjf7ORKfd8,Medium,
2,Learn Important Sorting Techniques,Sorting-II,Recursive Bubble Sort,https://takeuforward.org/arrays/recursive-bubble-sort-algorithm/,takeUforward,https://takeuforward.org/arrays/recursive-bubble-sort-algorithm/,,Easy,
2,Learn Important Sorting Techniques,Sorting-II,Recursive Insertion Sort,https://takeuforward.org/arrays/recursive-insertion-sort-algorithm/,takeUforward,https://takeuforward.org/arrays/recursive-insertion-sort-algorithm/,,Easy,
2,Learn Important Sorting Techniques,Sorting-II,Quick Sorting,https://takeuforward.org/data-structure/quick-sort-algorithm/,takeUforward,https://takeuforward.org/data-structure/quick-sort-algorithm/,https://www.youtube.com/watch?v=WIrA4YexLRQ,Easy,
3,Solve Problems on Arrays [Easy -> Medium -> Hard],Easy,Largest Element,https://takeuforward.org/data-structure/find-the-largest-element-in-an-array/,takeUforward,https://takeuforward.org/data-structure/find-the-largest-element-in-an-array/,https://www.youtube.com/watch?v=37E9ckMDdTk,Easy,
3,Solve Problems on Arrays [Easy -> Medium -> Hard],Easy,Second Largest Element,https://takeuforward.org/data-structure/find-second-smallest-and-second-largest-element-in-an-array/,takeUforward,https://takeuforward.org/data-structure/find-second-smallest-and-second-largest-element-in-an-array/,https://www.youtube.com/watch?v=37E9ckMDdTk,Easy,
3,Solve Problems on Arrays [Easy -> Medium -> Hard],Easy,Check if the Array is Sorted II,https://crackedprep.com/check-if-array-is-sorted-and-rotated-interview-question,crackedprep,https://takeuforward.org/data-structure/check-if-an-array-is-sorted/,https://www.youtube.com/watch?v=37E9ckMDdTk,Easy,10.0
3,Solve Problems on Arrays [Easy -> Medium -> Hard],Easy,Remove duplicates from Sorted array,https://crackedprep.com/remove-duplicates-from-sorted-array-interview-question,crackedprep,https://takeuforward.org/data-structure/remove-duplicates-in-place-from-sorted-array/,https://www.youtube.com/watch?v=37E9ckMDdTk,Easy,26.0
3,Solve Problems on Arrays [Easy -> Medium -> Hard],Easy,Left Rotate Array by One,https://crackedprep.com/rotate-array-interview-question,crackedprep,https://takeuforward.org/data-structure/left-rotate-the-array-by-one/,https://www.youtube.com/watch?v=wvcQg43_V8U,Easy,27.0
3,Solve Problems on Arrays [Easy -> Medium -> Hard],Easy,Left Rotate Array by K Places,https://crackedprep.com/rotate-array-interview-question,crackedprep,https://takeuforward.org/data-structure/rotate-array-by-k-elements/,https://www.youtube.com/watch?v=wvcQg43_V8U,Easy,27.0
3,Solve Problems on Arrays [Easy -> Medium -> Hard],Easy,Move Zeros to End,https://crackedprep.com/move-zeroes-interview-question,crackedprep,https://takeuforward.org/data-structure/move-all-zeros-to-the-end-of-the-array/,https://www.youtube.com/watch?v=wvcQg43_V8U,Easy,46.0
3,Solve Problems on Arrays [Easy -> Medium -> Hard],Easy,Linear Search,https://takeuforward.org/data-structure/linear-search-in-c/,takeUforward,https://takeuforward.org/data-structure/linear-search-in-c/,https://www.youtube.com/watch?v=wvcQg43_V8U,Easy,
3,Solve Problems on Arrays [Easy -> Medium -> Hard],Easy,Union of two sorted arrays,https://takeuforward.org/data-structure/union-of-two-sorted-arrays/,takeUforward,https://takeuforward.org/data-structure/union-of-two-sorted-arrays/,https://www.youtube.com/watch?v=wvcQg43_V8U,Easy,
3,Solve Problems on Arrays [Easy -> Medium -> Hard],Easy,Find missing number,https://www.geeksforgeeks.org/find-the-missing-number/,GeeksforGeeks,https://www.geeksforgeeks.org/find-the-missing-number/,,Easy,
3,Solve Problems on Arrays [Easy -> Medium -> Hard],Easy,Maximum Consecutive Ones,https://crackedprep.com/max-consecutive-ones-interview-question,crackedprep,https://takeuforward.org/data-structure/count-maximum-consecutive-ones-in-the-array/,https://www.youtube.com/watch?v=bYWLJb3vCWY,Easy,14.0
3,Solve Problems on Arrays [Easy -> Medium -> Hard],Easy,"Find the number that appears once, and other numbers twice",https://crackedprep.com/single-number-interview-question,crackedprep,https://takeuforward.org/arrays/find-the-number-that-appears-once-and-the-other-numbers-twice/,https://www.youtube.com/watch?v=bYWLJb3vCWY,Medium,15.0
3,Solve Problems on Arrays [Easy -> Medium -> Hard],Easy,Longest subarray with given sum K(positives),https://takeuforward.org/data-structure/longest-subarray-with-given-sum-k/,takeUforward,https://takeuforward.org/data-structure/longest-subarray-with-given-sum-k/,https://www.youtube.com/watch?v=frf7qxiN2qU,Medium,
3,Solve Problems on Arrays [Easy -> Medium -> Hard],Easy,Longest subarray with sum K,https://takeuforward.org/data-structure/length-of-the-longest-subarray-with-zero-sum/,takeUforward,https://takeuforward.org/data-structure/length-of-the-longest-subarray-with-zero-sum/,https://www.youtube.com/watch?v=frf7qxiN2qU,Medium,
3,Solve Problems on Arrays [Easy -> Medium -> Hard],Medium,Two Sum,https://crackedprep.com/two-sum-interview-question,crackedprep,https://takeuforward.org/data-structure/two-sum-check-if-a-pair-with-given-sum-exists-in-array/,https://www.youtube.com/watch?v=UXDSeD9mN-k,Easy,127.0
3,Solve Problems on Arrays [Easy -> Medium -> Hard],Medium,Sort an array of 0's 1's and 2's,https://crackedprep.com/sort-colors-interview-question,crackedprep,https://takeuforward.org/data-structure/sort-an-array-of-0s-1s-and-2s/,https://www.youtube.com/watch?v=tp8JIuCXBaU,Medium,37.0
3,Solve Problems on Arrays [Easy -> Medium -> Hard],Medium,Majority Element-I,https://crackedprep.com/majority-element-interview-question,crackedprep,https://takeuforward.org/data-structure/find-the-majority-element-that-occurs-more-than-n-2-times/,https://www.youtube.com/watch?v=nP_ns3uSh80,Easy,23.0
3,Solve Problems on Arrays [Easy -> Medium -> Hard],Medium,Kadane's Algorithm,https://crackedprep.com/maximum-subarray-interview-question,crackedprep,https://takeuforward.org/data-structure/kadanes-algorithm-maximum-subarray-sum-in-an-array/,https://www.youtube.com/watch?v=AHZpyENo7k4,Medium,64.0
3,Solve Problems on Arrays [Easy -> Medium -> Hard],Medium,Print subarray with maximum subarray sum,https://takeuforward.org/data-structure/kadanes-algorithm-maximum-subarray-sum-in-an-array/,takeUforward,https://takeuforward.org/data-structure/kadanes-algorithm-maximum-subarray-sum-in-an-array/,https://www.youtube.com/watch?v=AHZpyENo7k4,Medium,
3,Solve Problems on Arrays [Easy -> Medium -> Hard],Medium,Stock Buy and Sell,https://crackedprep.com/best-time-to-buy-and-sell-stock-interview-question,crackedprep,https://takeuforward.org/data-structure/stock-buy-and-sell/,https://www.youtube.com/watch?v=excAOvwF_Wk,Medium,92.0
3,Solve Problems on Arrays [Easy -> Medium -> Hard],Medium,Rearrange array elements by sign,https://leetcode.com/problems/rearrange-array-elements-by-sign/,LeetCode,https://takeuforward.org/arrays/rearrange-array-elements-by-sign/,https://www.youtube.com/watch?v=h4aBagy4Uok,Medium,6.0
3,Solve Problems on Arrays [Easy -> Medium -> Hard],Medium,Next Permutation,https://crackedprep.com/next-permutation-interview-question,crackedprep,https://takeuforward.org/data-structure/next_permutation-find-next-lexicographically-greater-permutation/,https://www.youtube.com/watch?v=JDOXKqF60RQ,Medium,32.0
3,Solve Problems on Arrays [Easy -> Medium -> Hard],Medium,Leaders in an Array,https://takeuforward.org/data-structure/leaders-in-an-array/,takeUforward,https://takeuforward.org/data-structure/leaders-in-an-array/,https://www.youtube.com/watch?v=cHrH9CQ8pmY,Medium,
3,Solve Problems on Arrays [Easy -> Medium -> Hard],Medium,Longest Consecutive Sequence in an Array,https://crackedprep.com/longest-consecutive-sequence-interview-question,crackedprep,https://takeuforward.org/data-structure/longest-consecutive-sequence-in-an-array/,https://www.youtube.com/watch?v=oO5uLE7EUlM,Medium,40.0
3,Solve Problems on Arrays [Easy -> Medium -> Hard],Medium,Set Matrix Zeroes,https://crackedprep.com/set-matrix-zeroes-interview-question,crackedprep,https://takeuforward.org/data-structure/set-matrix-zero/,https://www.youtube.com/watch?v=N0MgLvceX7M,Medium,22.0
3,Solve Problems on Arrays [Easy -> Medium -> Hard],Medium,Rotate matrix by 90 degrees,https://crackedprep.com/rotate-image-interview-question,crackedprep,https://takeuforward.org/data-structure/rotate-image-by-90-degree/,https://www.youtube.com/watch?v=Z0R2u6gd3GU,Medium,36.0
3,Solve Problems on Arrays [Easy -> Medium -> Hard],Medium,Print the matrix in spiral manner,https://crackedprep.com/spiral-matrix-interview-question,crackedprep,https://takeuforward.org/data-structure/spiral-traversal-of-matrix/,https://www.youtube.com/watch?v=3Zv-s9UUrFM,Medium,50.0
3,Solve Problems on Arrays [Easy -> Medium -> Hard],Medium,Count subarrays with given sum,https://crackedprep.com/subarray-sum-equals-k-interview-question,crackedprep,https://takeuforward.org/arrays/count-subarray-sum-equals-k/,https://www.youtube.com/watch?v=xvNwoz-ufXA,Medium,47.0
3,Solve Problems on Arrays [Easy -> Medium -> Hard],Hard,Pascal's Triangle I,https://crackedprep.com/pascals-triangle-interview-question,crackedprep,https://takeuforward.org/data-structure/program-to-generate-pascals-triangle,https://www.youtube.com/watch?v=bR7mQgwQ_o8,Easy,17.0
3,Solve Problems on Arrays [Easy -> Medium -> Hard],Hard,Majority Element-II,https://leetcode.com/problems/majority-element-ii/,LeetCode,https://takeuforward.org/data-structure/majority-elementsn-3-times-find-the-elements-that-appears-more-than-n-3-times-in-the-array/,https://www.youtube.com/watch?v=vwZj1K0e9U8,Hard,9.0
3,Solve Problems on Arrays [Easy -> Medium -> Hard],Hard,3 Sum,https://crackedprep.com/3sum-interview-question,crackedprep,https://takeuforward.org/data-structure/3-sum-find-triplets-that-add-up-to-a-zero/,https://www.youtube.com/watch?v=DhFh8Kw7ymk,Medium,57.0
3,Solve Problems on Arrays [Easy -> Medium -> Hard],Hard,4 Sum,https://crackedprep.com/4sum-interview-question,crackedprep,https://takeuforward.org/data-structure/4-sum-find-quads-that-add-up-to-a-target-value/,https://www.youtube.com/watch?v=eD95WRfh81c,Medium,20.0
3,Solve Problems on Arrays [Easy -> Medium -> Hard],Hard,Largest Subarray with Sum 0,https://takeuforward.org/data-structure/length-of-the-longest-subarray-with-zero-sum/,takeUforward,https://takeuforward.org/data-structure/length-of-the-longest-subarray-with-zero-sum/,https://www.youtube.com/watch?v=xmguZ6GbatA,Medium,
3,Solve Problems on Arrays [Easy -> Medium -> Hard],Hard,Count subarrays with given xor K,https://takeuforward.org/data-structure/count-the-number-of-subarrays-with-given-xor-k/,takeUforward,https://takeuforward.org/data-structure/count-the-number-of-subarrays-with-given-xor-k/,https://www.youtube.com/watch?v=eZr-6p0B7ME,Hard,
3,Solve Problems on Arrays [Easy -> Medium -> Hard],Hard,Merge Overlapping Subintervals,https://crackedprep.com/merge-intervals-interview-question,crackedprep,https://takeuforward.org/data-structure/merge-overlapping-sub-intervals/,https://www.youtube.com/watch?v=IexN60k62jo,Medium,112.0
3,Solve Problems on Arrays [Easy -> Medium -> Hard],Hard,Merge two sorted arrays without extra space,https://crackedprep.com/merge-sorted-array-interview-question,crackedprep,https://takeuforward.org/data-structure/merge-two-sorted-arrays-without-extra-space/,https://www.youtube.com/watch?v=n7uwj04E0I4,Medium,37.0
3,Solve Problems on Arrays [Easy -> Medium -> Hard],Hard,Find the repeating and missing number,https://takeuforward.org/data-structure/find-the-repeating-and-missing-numbers/,takeUforward,https://takeuforward.org/data-structure/find-the-repeating-and-missing-numbers/,https://www.youtube.com/watch?v=2D0D8HE6uak,Hard,
3,Solve Problems on Arrays [Easy -> Medium -> Hard],Hard,Count Inversions,https://takeuforward.org/data-structure/count-inversions-in-an-array,takeUforward,https://takeuforward.org/data-structure/count-inversions-in-an-array,https://www.youtube.com/watch?v=AseUmwVNaoY,Hard,
3,Solve Problems on Arrays [Easy -> Medium -> Hard],Hard,Reverse Pairs,https://leetcode.com/problems/reverse-pairs/,LeetCode,https://takeuforward.org/data-structure/count-reverse-pairs/,https://www.youtube.com/watch?v=0e4bZaP3MDI,Hard,9.0
3,Solve Problems on Arrays [Easy -> Medium -> Hard],Hard,Maximum Product Subarray in an Array,https://crackedprep.com/maximum-product-subarray-interview-question,crackedprep,https://takeuforward.org/data-structure/maximum-product-subarray-in-an-array/,,Hard,23.0
4,"Binary Search [1D, 2D Arrays, Search Space]",BS on 1D Arrays,Search X in sorted array,https://crackedprep.com/binary-search-interview-question,crackedprep,https://takeuforward.org/data-structure/binary-search-explained/,https://www.youtube.com/watch?v=MHf6awe89xw,Easy,11.0
4,"Binary Search [1D, 2D Arrays, Search Space]",BS on 1D Arrays,Lower Bound,https://takeuforward.org/arrays/implement-lower-bound-bs-2/,takeUforward,https://takeuforward.org/arrays/implement-lower-bound-bs-2/,https://www.youtube.com/watch?v=6zhGS79oQ4k,Easy,
4,"Binary Search [1D, 2D Arrays, Search Space]",BS on 1D Arrays,Upper Bound,https://takeuforward.org/arrays/implement-upper-bound/,takeUforward,https://takeuforward.org/arrays/implement-upper-bound/,https://www.youtube.com/watch?v=6zhGS79oQ4k,Easy,
4,"Binary Search [1D, 2D Arrays, Search Space]",BS on 1D Arrays,Search insert position,https://crackedprep.com/search-insert-position-interview-question,crackedprep,https://takeuforward.org/arrays/search-insert-position/,https://www.youtube.com/watch?v=6zhGS79oQ4k,Easy,12.0
4,"Binary Search [1D, 2D Arrays, Search Space]",BS on 1D Arrays,Floor and Ceil in Sorted Array,https://takeuforward.org/arrays/floor-and-ceil-in-sorted-array/,takeUforward,https://takeuforward.org/arrays/floor-and-ceil-in-sorted-array/,https://www.youtube.com/watch?v=6zhGS79oQ4k,Easy,
4,"Binary Search [1D, 2D Arrays, Search Space]",BS on 1D Arrays,First and last occurrence,https://crackedprep.com/find-first-and-last-position-of-element-in-sorted-array-interview-question,crackedprep,https://takeuforward.org/data-structure/last-occurrence-in-a-sorted-array/,https://www.youtube.com/watch?v=hjR1IYVx9lY,Easy,29.0
4,"Binary Search [1D, 2D Arrays, Search Space]",BS on 1D Arrays,Count Occurrences in a Sorted Array,https://takeuforward.org/data-structure/count-occurrences-in-sorted-array/,takeUforward,https://takeuforward.org/data-structure/count-occurrences-in-sorted-array/,https://www.youtube.com/watch?v=hjR1IYVx9lY,Easy,
4,"Binary Search [1D, 2D Arrays, Search Space]",BS on 1D Arrays,Search in rotated sorted array-I,https://crackedprep.com/search-in-rotated-sorted-array-interview-question,crackedprep,https://takeuforward.org/data-structure/search-element-in-a-rotated-sorted-array/,https://www.youtube.com/watch?v=r3pMQ8-Ad5s,Medium,53.0
4,"Binary Search [1D, 2D Arrays, Search Space]",BS on 1D Arrays,Search in rotated sorted array-II,https://crackedprep.com/search-in-rotated-sorted-array-ii-interview-question,crackedprep,https://takeuforward.org/arrays/search-element-in-rotated-sorted-array-ii,https://www.youtube.com/watch?v=w2G2W8l__pc,Medium,10.0
4,"Binary Search [1D, 2D Arrays, Search Space]",BS on 1D Arrays,Find minimum in Rotated Sorted Array,https://crackedprep.com/find-minimum-in-rotated-sorted-array-interview-question,crackedprep,https://takeuforward.org/data-structure/minimum-in-rotated-sorted-array/,https://www.youtube.com/watch?v=nhEMDKMB44g,Easy,18.0
4,"Binary Search [1D, 2D Arrays, Search Space]",BS on 1D Arrays,Find out how many times the array is rotated,https://takeuforward.org/arrays/find-out-how-many-times-the-array-has-been-rotated/,takeUforward,https://takeuforward.org/arrays/find-out-how-many-times-the-array-has-been-rotated/,https://www.youtube.com/watch?v=jtSiWTPLwd0,Easy,
4,"Binary Search [1D, 2D Arrays, Search Space]",BS on 1D Arrays,Single element in a Sorted Array,https://crackedprep.com/single-element-in-a-sorted-array-interview-question,crackedprep,https://takeuforward.org/data-structure/search-single-element-in-a-sorted-array/,https://www.youtube.com/watch?v=AZOmHuHadxQ,Medium,19.0
4,"Binary Search [1D, 2D Arrays, Search Space]",BS on 1D Arrays,Find peak element,https://crackedprep.com/find-peak-element-interview-question,crackedprep,https://takeuforward.org/data-structure/peak-element-in-array/,https://www.youtube.com/watch?v=cXxmbemS6XM,Medium,30.0
4,"Binary Search [1D, 2D Arrays, Search Space]",BS on Answers,Find square root of a number,https://takeuforward.org/binary-search/finding-sqrt-of-a-number-using-binary-search/,takeUforward,https://takeuforward.org/binary-search/finding-sqrt-of-a-number-using-binary-search/,https://www.youtube.com/watch?v=Bsv3FPUX_BA,Medium,
4,"Binary Search [1D, 2D Arrays, Search Space]",BS on Answers,Find Nth root of a number,https://takeuforward.org/data-structure/nth-root-of-a-number-using-binary-search/,takeUforward,https://takeuforward.org/data-structure/nth-root-of-a-number-using-binary-search/,https://www.youtube.com/watch?v=WjpswYrS2nY,Medium,
4,"Binary Search [1D, 2D Arrays, Search Space]",BS on Answers,Koko eating bananas,https://crackedprep.com/koko-eating-bananas-interview-question,crackedprep,https://takeuforward.org/binary-search/koko-eating-bananas/,https://www.youtube.com/watch?v=qyfekrNni90,Medium,47.0
4,"Binary Search [1D, 2D Arrays, Search Space]",BS on Answers,Minimum days to make M bouquets,https://leetcode.com/problems/minimum-number-of-days-to-make-m-bouquets/,LeetCode,https://takeuforward.org/arrays/minimum-days-to-make-m-bouquets/,https://www.youtube.com/watch?v=TXAuxeYBTdg,Medium,9.0
4,"Binary Search [1D, 2D Arrays, Search Space]",BS on Answers,Find the smallest divisor,https://crackedprep.com/find-the-smallest-divisor-given-a-threshold-interview-question,crackedprep,https://takeuforward.org/arrays/find-the-smallest-divisor-given-a-threshold/,https://www.youtube.com/watch?v=UvBKTVaG6U8,Medium,12.0
4,"Binary Search [1D, 2D Arrays, Search Space]",BS on Answers,Capacity to Ship Packages Within D Days,https://crackedprep.com/capacity-to-ship-packages-within-d-days-interview-question,crackedprep,https://takeuforward.org/arrays/capacity-to-ship-packages-within-d-days/,https://www.youtube.com/watch?v=MG-Ac4TAvTY,Medium,20.0
4,"Binary Search [1D, 2D Arrays, Search Space]",BS on Answers,Kth Missing Positive Number,https://leetcode.com/problems/kth-missing-positive-number/,LeetCode,https://takeuforward.org/arrays/kth-missing-positive-number/,https://www.youtube.com/watch?v=uZ0N_hZpyps,Medium,9.0
4,"Binary Search [1D, 2D Arrays, Search Space]",BS on Answers,Aggressive Cows,https://takeuforward.org/data-structure/aggressive-cows-detailed-solution/,takeUforward,https://takeuforward.org/data-structure/aggressive-cows-detailed-solution/,https://www.youtube.com/watch?v=R_Mfw4ew-Vo,Hard,
4,"Binary Search [1D, 2D Arrays, Search Space]",BS on Answers,Book Allocation Problem,https://takeuforward.org/data-structure/allocate-minimum-number-of-pages/,takeUforward,https://takeuforward.org/data-structure/allocate-minimum-number-of-pages/,https://www.youtube.com/watch?v=gYmWHvRHu-s,Hard,
4,"Binary Search [1D, 2D Arrays, Search Space]",BS on Answers,Split array - largest sum,https://crackedprep.com/split-array-largest-sum-interview-question,crackedprep,https://takeuforward.org/arrays/split-array-largest-sum/,https://www.youtube.com/watch?v=thUd_WJn6wk,Hard,20.0
4,"Binary Search [1D, 2D Arrays, Search Space]",BS on Answers,Painter's Partition,https://takeuforward.org/arrays/painters-partition-problem/,takeUforward,https://takeuforward.org/arrays/painters-partition-problem/,https://www.youtube.com/watch?v=thUd_WJn6wk,Medium,
4,"Binary Search [1D, 2D Arrays, Search Space]",BS on Answers,Minimize Max Distance to Gas Station,https://leetcode.com/problems/minimize-max-distance-to-gas-station/,LeetCode,https://takeuforward.org/arrays/minimise-maximum-distance-between-gas-stations/,https://www.youtube.com/watch?v=kMSBvlZ-_HA,Hard,2.0
4,"Binary Search [1D, 2D Arrays, Search Space]",BS on Answers,Median of 2 sorted arrays,https://crackedprep.com/median-of-two-sorted-arrays-interview-question,crackedprep,,https://www.youtube.com/watch?v=NTop3VTjmxk,Hard,45.0
4,"Binary Search [1D, 2D Arrays, Search Space]",BS on Answers,Kth element of 2 sorted arrays,https://takeuforward.org/data-structure/k-th-element-of-two-sorted-arrays/,takeUforward,https://takeuforward.org/data-structure/k-th-element-of-two-sorted-arrays/,https://www.youtube.com/watch?v=D1oDwWCq50g,Medium,
4,"Binary Search [1D, 2D Arrays, Search Space]",BS on 2D Arrays,Find row with maximum 1's,https://takeuforward.org/arrays/find-the-row-with-maximum-number-of-1s/,takeUforward,https://takeuforward.org/arrays/find-the-row-with-maximum-number-of-1s/,https://www.youtube.com/watch?v=SCz-1TtYxDI,Easy,
4,"Binary Search [1D, 2D Arrays, Search Space]",BS on 2D Arrays,Search in a 2D matrix,https://crackedprep.com/search-a-2d-matrix-interview-question,crackedprep,https://takeuforward.org/data-structure/search-in-a-sorted-2d-matrix/,https://www.youtube.com/watch?v=ZYpYur0znng,Hard,19.0
4,"Binary Search [1D, 2D Arrays, Search Space]",BS on 2D Arrays,Search in 2D matrix - II,https://crackedprep.com/search-a-2d-matrix-ii-interview-question,crackedprep,https://takeuforward.org/arrays/search-in-a-row-and-column-wise-sorted-matrix/,https://www.youtube.com/watch?v=9ZbB397jU4k,Hard,16.0
4,"Binary Search [1D, 2D Arrays, Search Space]",BS on 2D Arrays,Find Peak Element - II,https://leetcode.com/problems/find-a-peak-element-ii/,LeetCode,https://takeuforward.org/data-structure/find-peak-element-2d-matrix,https://www.youtube.com/watch?v=nGGp5XBzC4g,Medium,7.0
4,"Binary Search [1D, 2D Arrays, Search Space]",BS on 2D Arrays,Matrix Median,https://takeuforward.org/data-structure/median-of-row-wise-sorted-matrix/,takeUforward,https://takeuforward.org/data-structure/median-of-row-wise-sorted-matrix/,https://www.youtube.com/watch?v=Q9wXgdxJq48,Hard,
5,Strings [Basic and Medium],Basic and Easy String Problems,Remove Outermost Parentheses,https://leetcode.com/problems/remove-outermost-parentheses/,LeetCode,https://takeuforward.org/data-structure/remove-outermost-parentheses,,Medium,6.0
5,Strings [Basic and Medium],Basic and Easy String Problems,Reverse words in a given string / Palindrome Check,https://crackedprep.com/reverse-words-in-a-string-interview-question,crackedprep,https://takeuforward.org/data-structure/reverse-words-in-a-string/,,Medium,30.0
5,Strings [Basic and Medium],Basic and Easy String Problems,Largest Odd Number in a String,https://leetcode.com/problems/largest-odd-number-in-string/,LeetCode,https://takeuforward.org/data-structure/largest-odd-number-in-a-string,,Easy,6.0
5,Strings [Basic and Medium],Basic and Easy String Problems,Longest Common Prefix,https://crackedprep.com/longest-common-prefix-interview-question,crackedprep,https://takeuforward.org/data-structure/longest-common-prefix,,Easy,60.0
5,Strings [Basic and Medium],Basic and Easy String Problems,Isomorphic String,https://crackedprep.com/isomorphic-strings-interview-question,crackedprep,https://takeuforward.org/data-structure/isomorphic-string,,Easy,15.0
5,Strings [Basic and Medium],Basic and Easy String Problems,Rotate String,https://crackedprep.com/rotate-string-interview-question,crackedprep,https://takeuforward.org/data-structure/check-if-one-string-is-rotation-of-another,,Easy,12.0
5,Strings [Basic and Medium],Basic and Easy String Problems,Check if two strings are anagram of each other,https://crackedprep.com/valid-anagram-interview-question,crackedprep,https://takeuforward.org/data-structure/check-if-two-strings-are-anagrams-of-each-other/,,Easy,40.0
5,Strings [Basic and Medium],Medium String Problems,Sort Characters by Frequency,https://crackedprep.com/sort-characters-by-frequency-interview-question,crackedprep,https://takeuforward.org/data-structure/sort-characters-by-frequency,,Easy,16.0
5,Strings [Basic and Medium],Medium String Problems,Maximum Nesting Depth of the Parentheses,https://leetcode.com/problems/maximum-nesting-depth-of-the-parentheses/,LeetCode,https://takeuforward.org/data-structure/maximum-nesting-depth-of-parenthesis,,Medium,7.0
5,Strings [Basic and Medium],Medium String Problems,Roman to Integer,https://crackedprep.com/roman-to-integer-interview-question,crackedprep,https://takeuforward.org/data-structure/roman-numerals-to-integer,,Medium,36.0
5,Strings [Basic and Medium],Medium String Problems,String to Integer (atoi),https://crackedprep.com/string-to-integer-atoi-interview-question,crackedprep,https://takeuforward.org/data-structure/recursive-implementation-of-atoi,,Medium,21.0
5,Strings [Basic and Medium],Medium String Problems,Count Number of Substrings,https://takeuforward.org/data-structure/count-number-of-substrings,takeUforward,https://takeuforward.org/data-structure/count-number-of-substrings,,Easy,
5,Strings [Basic and Medium],Medium String Problems,Longest Palindromic Substring,https://crackedprep.com/longest-palindromic-substring-interview-question,crackedprep,,,Medium,82.0
5,Strings [Basic and Medium],Medium String Problems,Sum of Beauty of All Substrings,https://leetcode.com/problems/sum-of-beauty-of-all-substrings/,LeetCode,https://takeuforward.org/data-structure/sum-of-beauty-of-all-substring,,Medium,6.0
5,Strings [Basic and Medium],Medium String Problems,Reverse every word in a string,https://crackedprep.com/reverse-words-in-a-string-interview-question,crackedprep,https://takeuforward.org/data-structure/reverse-words-in-a-string/,,Medium,30.0
6,"Learn LinkedList [Single LL, Double LL, Medium, Hard Problems]",Learn 1D LinkedList,Introduction to Singly LinkedList,https://takeuforward.org/linked-list/linked-list-introduction,takeUforward,https://takeuforward.org/linked-list/linked-list-introduction,https://www.youtube.com/watch?v=Nq7ok-OyEpg,Easy,
6,"Learn LinkedList [Single LL, Double LL, Medium, Hard Problems]",Learn 1D LinkedList,Insertion at the head of Linked List,https://takeuforward.org/linked-list/insert-at-the-head-of-a-linked-list,takeUforward,https://takeuforward.org/linked-list/insert-at-the-head-of-a-linked-list,https://www.youtube.com/watch?v=VaECK03Dz-g,Easy,
6,"Learn LinkedList [Single LL, Double LL, Medium, Hard Problems]",Learn 1D LinkedList,Deletion of the head of LL,https://crackedprep.com/delete-node-in-a-linked-list-interview-question,crackedprep,https://takeuforward.org/data-structure/delete-last-node-of-linked-list/,https://www.youtube.com/watch?v=VaECK03Dz-g,Easy,10.0
6,"Learn LinkedList [Single LL, Double LL, Medium, Hard Problems]",Learn 1D LinkedList,Find the length of the Linked List,https://takeuforward.org/linked-list/find-the-length-of-a-linked-list,takeUforward,https://takeuforward.org/linked-list/find-the-length-of-a-linked-list,https://www.youtube.com/watch?v=Nq7ok-OyEpg,Easy,
6,"Learn LinkedList [Single LL, Double LL, Medium, Hard Problems]",Learn 1D LinkedList,Search in Linked List,https://takeuforward.org/linked-list/search-an-element-in-a-linked-list,takeUforward,https://takeuforward.org/linked-list/search-an-element-in-a-linked-list,https://www.youtube.com/watch?v=Nq7ok-OyEpg,Medium,
6,"Learn LinkedList [Single LL, Double LL, Medium, Hard Problems]",Learn Doubly LinkedList,Introduction to Doubly LL,https://takeuforward.org/linked-list/introduction-to-doubly-linked-list,takeUforward,https://takeuforward.org/linked-list/introduction-to-doubly-linked-list,https://www.youtube.com/watch?v=0eKMU10uEDI,Easy,
6,"Learn LinkedList [Single LL, Double LL, Medium, Hard Problems]",Learn Doubly LinkedList,Insert node before head in Doubly Linked List,https://takeuforward.org/data-structure/insert-at-end-of-doubly-linked-list/,takeUforward,https://takeuforward.org/data-structure/insert-at-end-of-doubly-linked-list/,https://www.youtube.com/watch?v=0eKMU10uEDI,Easy,
6,"Learn LinkedList [Single LL, Double LL, Medium, Hard Problems]",Learn Doubly LinkedList,Delete head of Doubly Linked List,https://takeuforward.org/data-structure/delete-last-node-of-a-doubly-linked-list/,takeUforward,https://takeuforward.org/data-structure/delete-last-node-of-a-doubly-linked-list/,https://www.youtube.com/watch?v=0eKMU10uEDI,Easy,
6,"Learn LinkedList [Single LL, Double LL, Medium, Hard Problems]",Learn Doubly LinkedList,Reverse a Doubly Linked List,https://takeuforward.org/data-structure/reverse-a-doubly-linked-list/,takeUforward,https://takeuforward.org/data-structure/reverse-a-doubly-linked-list/,https://www.youtube.com/watch?v=u3WUW2qe6ww,Medium,
6,"Learn LinkedList [Single LL, Double LL, Medium, Hard Problems]",Medium Problems of LL,Middle of a LinkedList [Tortoise-Hare Method],https://crackedprep.com/middle-of-the-linked-list-interview-question,crackedprep,https://takeuforward.org/data-structure/find-middle-element-in-a-linked-list/,https://www.youtube.com/watch?v=7LjQ57RqgEc,Easy,13.0
6,"Learn LinkedList [Single LL, Double LL, Medium, Hard Problems]",Medium Problems of LL,Reverse a LinkedList [Iterative],https://crackedprep.com/reverse-linked-list-interview-question,crackedprep,https://takeuforward.org/data-structure/reverse-a-linked-list/,https://www.youtube.com/watch?v=D2vI2DNJGd8,Medium,34.0
6,"Learn LinkedList [Single LL, Double LL, Medium, Hard Problems]",Medium Problems of LL,Reverse a LL,https://crackedprep.com/reverse-linked-list-interview-question,crackedprep,https://takeuforward.org/data-structure/reverse-a-linked-list/,https://www.youtube.com/watch?v=D2vI2DNJGd8,Medium,34.0
6,"Learn LinkedList [Single LL, Double LL, Medium, Hard Problems]",Medium Problems of LL,Detect a loop in LL,https://crackedprep.com/linked-list-cycle-interview-question,crackedprep,https://takeuforward.org/data-structure/detect-a-cycle-in-a-linked-list/,https://www.youtube.com/watch?v=wiOo4DC5GGA,Medium,24.0
6,"Learn LinkedList [Single LL, Double LL, Medium, Hard Problems]",Medium Problems of LL,Find the starting point in LL,https://crackedprep.com/linked-list-cycle-ii-interview-question,crackedprep,https://takeuforward.org/data-structure/starting-point-of-loop-in-a-linked-list/,https://www.youtube.com/watch?v=2Kd0KKmmHFc,Medium,13.0
6,"Learn LinkedList [Single LL, Double LL, Medium, Hard Problems]",Medium Problems of LL,Length of loop in LL,https://takeuforward.org/linked-list/length-of-loop-in-linked-list,takeUforward,https://takeuforward.org/linked-list/length-of-loop-in-linked-list,https://www.youtube.com/watch?v=I4g1qbkTPus,Medium,
6,"Learn LinkedList [Single LL, Double LL, Medium, Hard Problems]",Medium Problems of LL,Check if LL is palindrome or not,https://crackedprep.com/palindrome-linked-list-interview-question,crackedprep,https://takeuforward.org/data-structure/check-if-given-linked-list-is-plaindrome/,https://www.youtube.com/watch?v=lRY_G-u_8jk,Medium,17.0
6,"Learn LinkedList [Single LL, Double LL, Medium, Hard Problems]",Medium Problems of LL,Segregate odd and even nodes in Linked List,https://crackedprep.com/odd-even-linked-list-interview-question,crackedprep,https://takeuforward.org/data-structure/segregate-even-and-odd-nodes-in-linkedlist,https://www.youtube.com/watch?v=qf6qp7GzD5Q,Medium,12.0
6,"Learn LinkedList [Single LL, Double LL, Medium, Hard Problems]",Medium Problems of LL,Remove Nth node from the back of the LL,https://crackedprep.com/remove-nth-node-from-end-of-list-interview-question,crackedprep,https://takeuforward.org/data-structure/remove-n-th-node-from-the-end-of-a-linked-list/,https://www.youtube.com/watch?v=3kMKYQ2wNIU,Medium,18.0
6,"Learn LinkedList [Single LL, Double LL, Medium, Hard Problems]",Medium Problems of LL,Delete the middle node in LL,https://leetcode.com/problems/delete-the-middle-node-of-a-linked-list/,LeetCode,https://takeuforward.org/linked-list/delete-the-middle-node-of-the-linked-list,https://www.youtube.com/watch?v=ePpV-_pfOeI,Medium,7.0
6,"Learn LinkedList [Single LL, Double LL, Medium, Hard Problems]",Medium Problems of LL,Sort LL,https://leetcode.com/problems/sort-list/,LeetCode,https://takeuforward.org/linked-list/sort-a-linked-list,https://www.youtube.com/watch?v=8ocB7a_c-Cc,Hard,9.0
6,"Learn LinkedList [Single LL, Double LL, Medium, Hard Problems]",Medium Problems of LL,Sort a Linked List of 0's 1's and 2's,https://takeuforward.org/data-structure/sort-a-linked-list-of-0s-1s-and-2s-by-changing-links,takeUforward,https://takeuforward.org/data-structure/sort-a-linked-list-of-0s-1s-and-2s-by-changing-links,https://www.youtube.com/watch?v=gRII7LhdJWc,Medium,
6,"Learn LinkedList [Single LL, Double LL, Medium, Hard Problems]",Medium Problems of LL,Find the intersection point of Y LL,https://crackedprep.com/intersection-of-two-linked-lists-interview-question,crackedprep,https://takeuforward.org/data-structure/find-intersection-of-two-linked-lists/,https://www.youtube.com/watch?v=0DYoPz2Tpt4,Medium,13.0
6,"Learn LinkedList [Single LL, Double LL, Medium, Hard Problems]",Medium Problems of LL,Add one to a number represented by LL,https://takeuforward.org/data-structure/add-1-to-a-number-represented-by-ll,takeUforward,https://takeuforward.org/data-structure/add-1-to-a-number-represented-by-ll,https://www.youtube.com/watch?v=aXQWhbvT3w0,Medium,
6,"Learn LinkedList [Single LL, Double LL, Medium, Hard Problems]",Medium Problems of LL,Add two numbers in Linked List,https://crackedprep.com/add-two-numbers-interview-question,crackedprep,https://takeuforward.org/data-structure/add-two-numbers-represented-as-linked-lists/,https://www.youtube.com/watch?v=LBVsXSMOIk4,Medium,37.0
6,"Learn LinkedList [Single LL, Double LL, Medium, Hard Problems]",Medium Problems of DLL,Delete all occurrences of a key in DLL,https://takeuforward.org/data-structure/delete-all-occurrences-of-a-key-in-dll,takeUforward,https://takeuforward.org/data-structure/delete-all-occurrences-of-a-key-in-dll,https://www.youtube.com/watch?v=Mh0NH_SD92k,Hard,
6,"Learn LinkedList [Single LL, Double LL, Medium, Hard Problems]",Medium Problems of DLL,Find Pairs with Given Sum in Doubly Linked List,https://takeuforward.org/data-structure/find-pairs-with-given-sum-in-doubly-linked-list,takeUforward,https://takeuforward.org/data-structure/find-pairs-with-given-sum-in-doubly-linked-list,https://www.youtube.com/watch?v=YitR4dQsddE,Medium,
6,"Learn LinkedList [Single LL, Double LL, Medium, Hard Problems]",Medium Problems of DLL,Remove duplicates from sorted DLL,https://takeuforward.org/data-structure/remove-duplicates-from-sorted-dll,takeUforward,https://takeuforward.org/data-structure/remove-duplicates-from-sorted-dll,https://www.youtube.com/watch?v=YJKVTnOJXSY,Hard,
6,"Learn LinkedList [Single LL, Double LL, Medium, Hard Problems]",Hard Problems of LL,Reverse LL in group of given size K,https://crackedprep.com/reverse-nodes-in-k-group-interview-question,crackedprep,https://takeuforward.org/data-structure/reverse-linked-list-in-groups-of-size-k/,https://www.youtube.com/watch?v=lIar1skcQYI,Hard,27.0
6,"Learn LinkedList [Single LL, Double LL, Medium, Hard Problems]",Hard Problems of LL,Rotate a LL,https://leetcode.com/problems/rotate-list/,LeetCode,https://takeuforward.org/data-structure/rotate-a-linked-list/,https://www.youtube.com/watch?v=uT7YI7XbTY8,Hard,9.0
6,"Learn LinkedList [Single LL, Double LL, Medium, Hard Problems]",Hard Problems of LL,Flattening of LL,https://takeuforward.org/data-structure/flattening-a-linked-list/,takeUforward,https://takeuforward.org/data-structure/flattening-a-linked-list/,https://www.youtube.com/watch?v=ykelywHJWLg,Hard,
6,"Learn LinkedList [Single LL, Double LL, Medium, Hard Problems]",Hard Problems of LL,Clone a LL with random and next pointer,https://crackedprep.com/copy-list-with-random-pointer-interview-question,crackedprep,https://takeuforward.org/data-structure/clone-linked-list-with-random-and-next-pointer/,https://www.youtube.com/watch?v=q570bKdrnlw,Hard,22.0
7,Recursion [PatternWise],Get a Strong Hold,Recursive Implementation of atoi(),https://crackedprep.com/string-to-integer-atoi-interview-question,crackedprep,https://takeuforward.org/data-structure/recursive-implementation-of-atoi,,Medium,21.0
7,Recursion [PatternWise],Get a Strong Hold,"Pow(x, n)",https://crackedprep.com/powx-n-interview-question,crackedprep,https://takeuforward.org/data-structure/implement-powxn-x-raised-to-the-power-n/,https://www.youtube.com/watch?v=l0YC3876qxg,Easy,22.0
7,Recursion [PatternWise],Get a Strong Hold,Count Good Numbers,https://leetcode.com/problems/count-good-numbers/,LeetCode,https://takeuforward.org/data-structure/count-good-numbers,,Medium,7.0
7,Recursion [PatternWise],Get a Strong Hold,Sort a stack using recursion,https://takeuforward.org/data-structure/sort-a-stack,takeUforward,https://takeuforward.org/data-structure/sort-a-stack,,Medium,
7,Recursion [PatternWise],Get a Strong Hold,Reverse a Stack,https://takeuforward.org/data-structure/reverse-a-stack-using-recursion,takeUforward,https://takeuforward.org/data-structure/reverse-a-stack-using-recursion,,Medium,
7,Recursion [PatternWise],Subsequences Pattern,Generate Binary Strings Without Consecutive 1s,https://takeuforward.org/data-structure/generate-all-binary-strings,takeUforward,https://takeuforward.org/data-structure/generate-all-binary-strings,,Medium,
7,Recursion [PatternWise],Subsequences Pattern,Generate Parentheses,https://crackedprep.com/generate-parentheses-interview-question,crackedprep,https://takeuforward.org/data-structure/generate-parenthesis,,Medium,40.0
7,Recursion [PatternWise],Subsequences Pattern,Power Set,https://takeuforward.org/data-structure/power-set-print-all-the-possible-subsequences-of-the-string/,takeUforward,https://takeuforward.org/data-structure/power-set-print-all-the-possible-subsequences-of-the-string/,https://www.youtube.com/watch?v=b7AYbpM5YrE,Medium,
7,Recursion [PatternWise],Subsequences Pattern,Learn All Patterns of Subsequences (Theory),https://takeuforward.org/data-structure/learn-all-patterns-of-subsequences-theory,takeUforward,https://takeuforward.org/data-structure/learn-all-patterns-of-subsequences-theory,https://www.youtube.com/watch?v=eQCS_v3bw0Q,Easy,
7,Recursion [PatternWise],Subsequences Pattern,Count all subsequences with sum K,https://takeuforward.org/data-structure/count-all-subsequences-with-sum-k,takeUforward,https://takeuforward.org/data-structure/count-all-subsequences-with-sum-k,,Easy,
7,Recursion [PatternWise],Subsequences Pattern,Check if there exists a subsequence with sum K,https://takeuforward.org/data-structure/check-if-there-exists-a-subsequence-with-sum-k,takeUforward,https://takeuforward.org/data-structure/check-if-there-exists-a-subsequence-with-sum-k,,Easy,
7,Recursion [PatternWise],Subsequences Pattern,Combination Sum,https://crackedprep.com/combination-sum-interview-question,crackedprep,https://takeuforward.org/data-structure/combination-sum-1/,https://www.youtube.com/watch?v=OyZFFqQtu98,Medium,26.0
7,Recursion [PatternWise],Subsequences Pattern,Combination Sum II,https://crackedprep.com/combination-sum-ii-interview-question,crackedprep,https://takeuforward.org/data-structure/combination-sum-ii-find-all-unique-combinations/,https://www.youtube.com/watch?v=G1fRTGRxXU8,Medium,15.0
7,Recursion [PatternWise],Subsequences Pattern,Subsets I,https://takeuforward.org/data-structure/subset-sum-sum-of-all-subsets/,takeUforward,https://takeuforward.org/data-structure/subset-sum-sum-of-all-subsets/,https://www.youtube.com/watch?v=rYkfBRtMJr8,Medium,
7,Recursion [PatternWise],Subsequences Pattern,Subsets II,https://leetcode.com/problems/subsets-ii/,LeetCode,https://takeuforward.org/data-structure/subset-ii-print-all-the-unique-subsets/,https://www.youtube.com/watch?v=RIn3gOkbhQE,Medium,9.0
7,Recursion [PatternWise],Subsequences Pattern,Combination Sum III,https://leetcode.com/problems/combination-sum-iii/,LeetCode,https://takeuforward.org/data-structure/combination-sum-iii,,Medium,4.0
7,Recursion [PatternWise],Subsequences Pattern,Letter Combinations of a Phone Number,https://crackedprep.com/letter-combinations-of-a-phone-number-interview-question,crackedprep,https://takeuforward.org/data-structure/letter-combinations-of-a-phone-number,,Hard,34.0
7,Recursion [PatternWise],Trying out all Combos / Hard,Palindrome partitioning,https://takeuforward.org/plus/dsa/problems/palindrome-partitioning,takeUforward,,https://www.youtube.com/watch?v=_H8V5hJUGd0,Hard,
7,Recursion [PatternWise],Trying out all Combos / Hard,Word Search,https://crackedprep.com/word-search-interview-question,crackedprep,https://takeuforward.org/data-structure/word-search-leetcode/,,Hard,36.0
7,Recursion [PatternWise],Trying out all Combos / Hard,N Queen,https://crackedprep.com/n-queens-interview-question,crackedprep,https://takeuforward.org/data-structure/n-queen-problem-return-all-distinct-solutions-to-the-n-queens-puzzle/,https://www.youtube.com/watch?v=i05Ju7AftcM,Hard,16.0
7,Recursion [PatternWise],Trying out all Combos / Hard,Rat in a Maze,https://takeuforward.org/data-structure/rat-in-a-maze/,takeUforward,https://takeuforward.org/data-structure/rat-in-a-maze/,https://www.youtube.com/watch?v=bLGZhJlt4y0,Hard,
7,Recursion [PatternWise],Trying out all Combos / Hard,Word Break,https://takeuforward.org/plus/dsa/problems/word-break,takeUforward,,,Medium,
7,Recursion [PatternWise],Trying out all Combos / Hard,M Coloring Problem,https://takeuforward.org/data-structure/m-coloring-problem/,takeUforward,https://takeuforward.org/data-structure/m-coloring-problem/,https://www.youtube.com/watch?v=wuVwUK25Rfc,Hard,
7,Recursion [PatternWise],Trying out all Combos / Hard,Sudoku Solver,https://crackedprep.com/sudoku-solver-interview-question,crackedprep,https://takeuforward.org/data-structure/sudoku-solver/,https://www.youtube.com/watch?v=FWAIf_EVUKE,Hard,17.0
7,Recursion [PatternWise],Trying out all Combos / Hard,Expression Add Operators,https://leetcode.com/problems/expression-add-operators/,LeetCode,https://takeuforward.org/data-structure/expression-add-operators,,Hard,7.0
8,Bit Manipulation [Concepts & Problems],Learn Bit Manipulation,Introduction to Bits and Tricks,https://takeuforward.org/data-structure/introduction-to-bit-manipulation-theory,takeUforward,https://takeuforward.org/data-structure/introduction-to-bit-manipulation-theory,https://www.youtube.com/watch?v=qQd-ViW7bfk,Easy,
8,Bit Manipulation [Concepts & Problems],Learn Bit Manipulation,Check if the i-th bit is Set or Not,https://takeuforward.org/data-structure/check-if-the-i-th-bit-is-set-or-not,takeUforward,https://takeuforward.org/data-structure/check-if-the-i-th-bit-is-set-or-not,https://www.youtube.com/watch?v=nttpF8kwgd4,Easy,
8,Bit Manipulation [Concepts & Problems],Learn Bit Manipulation,Check if a Number is Odd or Not,https://takeuforward.org/data-structure/check-if-a-number-is-odd-or-not,takeUforward,https://takeuforward.org/data-structure/check-if-a-number-is-odd-or-not,https://www.youtube.com/watch?v=nttpF8kwgd4,Easy,
8,Bit Manipulation [Concepts & Problems],Learn Bit Manipulation,Check if a Number is Power of 2 or Not,https://crackedprep.com/power-of-two-interview-question,crackedprep,https://takeuforward.org/data-structure/check-if-a-number-is-power-of-2-or-not,https://www.youtube.com/watch?v=nttpF8kwgd4,Easy,11.0
8,Bit Manipulation [Concepts & Problems],Learn Bit Manipulation,Count the Number of Set Bits,https://takeuforward.org/data-structure/count-the-number-of-set-bits,takeUforward,https://takeuforward.org/data-structure/count-the-number-of-set-bits,https://www.youtube.com/watch?v=nttpF8kwgd4,Easy,
8,Bit Manipulation [Concepts & Problems],Learn Bit Manipulation,Set/Unset the rightmost unset bit,https://takeuforward.org/data-structure/set-the-rightmost-bit,takeUforward,https://takeuforward.org/data-structure/set-the-rightmost-bit,https://www.youtube.com/watch?v=nttpF8kwgd4,Easy,
8,Bit Manipulation [Concepts & Problems],Learn Bit Manipulation,Swap Two Numbers,https://takeuforward.org/data-structure/swap-two-numbers,takeUforward,https://takeuforward.org/data-structure/swap-two-numbers,https://www.youtube.com/watch?v=nttpF8kwgd4,Easy,
8,Bit Manipulation [Concepts & Problems],Learn Bit Manipulation,Divide two numbers without multiplication and division,https://leetcode.com/problems/divide-two-integers/,LeetCode,https://takeuforward.org/data-structure/divide-two-integers-without-using-multiplication-division-and-mod-operator,https://www.youtube.com/watch?v=pBD4B1tzgVc,Medium,8.0
8,Bit Manipulation [Concepts & Problems],Interview Problems,Minimum Bit Flips to Convert Number,https://leetcode.com/problems/minimum-bit-flips-to-convert-number/,LeetCode,https://takeuforward.org/data-structure/count-number-of-bits-to-be-flipped-to-convert-a-to-b,https://www.youtube.com/watch?v=OOdrmcfZXd8,Medium,7.0
8,Bit Manipulation [Concepts & Problems],Interview Problems,Single Number - I,https://crackedprep.com/single-number-interview-question,crackedprep,https://takeuforward.org/arrays/find-the-number-that-appears-once-and-the-other-numbers-twice/,https://www.youtube.com/watch?v=bYWLJb3vCWY,Medium,15.0
8,Bit Manipulation [Concepts & Problems],Interview Problems,Power Set Bit Manipulation,https://crackedprep.com/subsets-interview-question,crackedprep,https://takeuforward.org/bit-manipulation/power-set-bit-manipulation,https://www.youtube.com/watch?v=LqKaUv1G3_I,Medium,21.0
8,Bit Manipulation [Concepts & Problems],Interview Problems,XOR of numbers in a given range,https://takeuforward.org/data-structure/find-xor-of-numbers-from-l-to-r,takeUforward,https://takeuforward.org/data-structure/find-xor-of-numbers-from-l-to-r,https://www.youtube.com/watch?v=WqGb7159h7Q,Medium,
8,Bit Manipulation [Concepts & Problems],Interview Problems,Single Number - III,https://takeuforward.org/data-structure/find-the-two-numbers-appearing-odd-number-of-times,takeUforward,https://takeuforward.org/data-structure/find-the-two-numbers-appearing-odd-number-of-times,https://www.youtube.com/watch?v=UA5JnV1J2sI,Medium,
8,Bit Manipulation [Concepts & Problems],Advanced Maths,Print Prime Factors of a Number,https://takeuforward.org/data-structure/find-the-two-numbers-appearing-odd-number-of-times,takeUforward,https://takeuforward.org/data-structure/find-the-two-numbers-appearing-odd-number-of-times,https://www.youtube.com/watch?v=LT7XhVdeRyg,Hard,
8,Bit Manipulation [Concepts & Problems],Advanced Maths,Divisors of a Number,https://takeuforward.org/data-structure/print-all-divisors-of-a-given-number/,takeUforward,https://takeuforward.org/data-structure/print-all-divisors-of-a-given-number/,https://www.youtube.com/watch?v=1xNbjMdbjug,Easy,
8,Bit Manipulation [Concepts & Problems],Advanced Maths,Count primes in range L to R,https://crackedprep.com/count-primes-interview-question,crackedprep,https://takeuforward.org/data-structure/sieve-of-eratosthenes,https://www.youtube.com/watch?v=g5Fuxn_AvSk,Hard,17.0
8,Bit Manipulation [Concepts & Problems],Advanced Maths,Prime factorisation of a Number,https://takeuforward.org/data-structure/find-the-two-numbers-appearing-odd-number-of-times,takeUforward,https://takeuforward.org/data-structure/find-the-two-numbers-appearing-odd-number-of-times,https://www.youtube.com/watch?v=LT7XhVdeRyg,Hard,
8,Bit Manipulation [Concepts & Problems],Advanced Maths,"Pow(x,n)",https://crackedprep.com/powx-n-interview-question,crackedprep,https://takeuforward.org/data-structure/implement-powxn-x-raised-to-the-power-n/,https://www.youtube.com/watch?v=l0YC3876qxg,Easy,22.0
9,"Stack and Queues [Learning, Pre-In-Post-fix, Monotonic Stack, Implementation]",Learning,Implement Stack using Arrays,https://takeuforward.org/data-structure/implement-stack-using-array/,takeUforward,https://takeuforward.org/data-structure/implement-stack-using-array/,https://www.youtube.com/watch?v=tqQ5fTamIN4,Easy,
9,"Stack and Queues [Learning, Pre-In-Post-fix, Monotonic Stack, Implementation]",Learning,Implement Queue using Arrays,https://takeuforward.org/data-structure/implement-queue-using-array/,takeUforward,https://takeuforward.org/data-structure/implement-queue-using-array/,https://www.youtube.com/watch?v=tqQ5fTamIN4,Easy,
9,"Stack and Queues [Learning, Pre-In-Post-fix, Monotonic Stack, Implementation]",Learning,Implement Stack using Queue,https://leetcode.com/problems/implement-stack-using-queues/,LeetCode,https://takeuforward.org/data-structure/implement-stack-using-single-queue,https://www.youtube.com/watch?v=tqQ5fTamIN4,Easy,9.0
9,"Stack and Queues [Learning, Pre-In-Post-fix, Monotonic Stack, Implementation]",Learning,Implement Queue using Stack,https://crackedprep.com/implement-queue-using-stacks-interview-question,crackedprep,https://takeuforward.org/data-structure/implement-queue-using-stack/,https://www.youtube.com/watch?v=tqQ5fTamIN4,Easy,12.0
9,"Stack and Queues [Learning, Pre-In-Post-fix, Monotonic Stack, Implementation]",Learning,Implement stack using Linkedlist,https://takeuforward.org/data-structure/implement-stack-using-linked-list/,takeUforward,https://takeuforward.org/data-structure/implement-stack-using-linked-list/,https://www.youtube.com/watch?v=tqQ5fTamIN4,Easy,
9,"Stack and Queues [Learning, Pre-In-Post-fix, Monotonic Stack, Implementation]",Learning,Implement queue using Linkedlist,https://takeuforward.org/data-structure/implement-queue-using-linked-list/,takeUforward,https://takeuforward.org/data-structure/implement-queue-using-linked-list/,https://www.youtube.com/watch?v=tqQ5fTamIN4,Easy,
9,"Stack and Queues [Learning, Pre-In-Post-fix, Monotonic Stack, Implementation]",Learning,Balanced Paranthesis,https://crackedprep.com/valid-parentheses-interview-question,crackedprep,https://takeuforward.org/data-structure/check-for-balanced-parentheses/,https://www.youtube.com/watch?v=xwjS0iZhw4I,Easy,113.0
9,"Stack and Queues [Learning, Pre-In-Post-fix, Monotonic Stack, Implementation]",Learning,Implement Min Stack,https://crackedprep.com/min-stack-interview-question,crackedprep,https://takeuforward.org/data-structure/implement-min-stack-o2n-and-on-space-complexity/,https://www.youtube.com/watch?v=NdDIaH91P0g,Hard,37.0
9,"Stack and Queues [Learning, Pre-In-Post-fix, Monotonic Stack, Implementation]","Prefix, Infix, PostFix Conversion Problems",Infix to Postfix Conversion,https://takeuforward.org/data-structure/infix-to-postfix/,takeUforward,https://takeuforward.org/data-structure/infix-to-postfix/,https://www.youtube.com/watch?v=4pIc9UBHJtk,Medium,
9,"Stack and Queues [Learning, Pre-In-Post-fix, Monotonic Stack, Implementation]","Prefix, Infix, PostFix Conversion Problems",Prefix to Infix Conversion,https://takeuforward.org/data-structure/prefix-to-infix-conversion,takeUforward,https://takeuforward.org/data-structure/prefix-to-infix-conversion,https://www.youtube.com/watch?v=4pIc9UBHJtk,Medium,
9,"Stack and Queues [Learning, Pre-In-Post-fix, Monotonic Stack, Implementation]","Prefix, Infix, PostFix Conversion Problems",Prefix to Postfix Conversion,https://takeuforward.org/data-structure/prefix-to-postfix-conversion,takeUforward,https://takeuforward.org/data-structure/prefix-to-postfix-conversion,https://www.youtube.com/watch?v=4pIc9UBHJtk,Medium,
9,"Stack and Queues [Learning, Pre-In-Post-fix, Monotonic Stack, Implementation]","Prefix, Infix, PostFix Conversion Problems",Postfix to Prefix Conversion,https://takeuforward.org/data-structure/postfix-to-prefix-conversion,takeUforward,https://takeuforward.org/data-structure/postfix-to-prefix-conversion,https://www.youtube.com/watch?v=4pIc9UBHJtk,Medium,
9,"Stack and Queues [Learning, Pre-In-Post-fix, Monotonic Stack, Implementation]","Prefix, Infix, PostFix Conversion Problems",Postfix to Infix Conversion,https://takeuforward.org/data-structure/postfix-to-infix,takeUforward,https://takeuforward.org/data-structure/postfix-to-infix,https://www.youtube.com/watch?v=4pIc9UBHJtk,Easy,
9,"Stack and Queues [Learning, Pre-In-Post-fix, Monotonic Stack, Implementation]","Prefix, Infix, PostFix Conversion Problems",Infix to Prefix Conversion,https://takeuforward.org/data-structure/infix-to-prefix/,takeUforward,https://takeuforward.org/data-structure/infix-to-prefix/,https://www.youtube.com/watch?v=4pIc9UBHJtk,Medium,
9,"Stack and Queues [Learning, Pre-In-Post-fix, Monotonic Stack, Implementation]",Monotonic Stack/Queue Problems [VVV. Imp],Next Greater Element,https://crackedprep.com/next-greater-element-i-interview-question,crackedprep,https://takeuforward.org/data-structure/next-greater-element-using-stack/,https://www.youtube.com/watch?v=e7XQLtOQM3I,Medium,17.0
9,"Stack and Queues [Learning, Pre-In-Post-fix, Monotonic Stack, Implementation]",Monotonic Stack/Queue Problems [VVV. Imp],Next Greater Element - 2,https://crackedprep.com/next-greater-element-ii-interview-question,crackedprep,https://takeuforward.org/data-structure/next-greater-element-2,https://www.youtube.com/watch?v=7PrncD7v9YQ,Medium,16.0
9,"Stack and Queues [Learning, Pre-In-Post-fix, Monotonic Stack, Implementation]",Monotonic Stack/Queue Problems [VVV. Imp],Next Smaller Element,https://takeuforward.org/data-structure/next-smaller-element,takeUforward,https://takeuforward.org/data-structure/next-smaller-element,,Medium,
9,"Stack and Queues [Learning, Pre-In-Post-fix, Monotonic Stack, Implementation]",Monotonic Stack/Queue Problems [VVV. Imp],Number of Greater Elements to the Right,https://takeuforward.org/data-structure/number-of-nges-to-the-right,takeUforward,https://takeuforward.org/data-structure/number-of-nges-to-the-right,,Easy,
9,"Stack and Queues [Learning, Pre-In-Post-fix, Monotonic Stack, Implementation]",Monotonic Stack/Queue Problems [VVV. Imp],Trapping Rainwater,https://crackedprep.com/trapping-rain-water-interview-question,crackedprep,https://takeuforward.org/data-structure/trapping-rainwater/,https://www.youtube.com/watch?v=1_5VuquLbXg,Hard,73.0
9,"Stack and Queues [Learning, Pre-In-Post-fix, Monotonic Stack, Implementation]",Monotonic Stack/Queue Problems [VVV. Imp],Sum of Subarray Minimums,https://crackedprep.com/sum-of-subarray-minimums-interview-question,crackedprep,https://takeuforward.org/data-structure/sum-of-subarray-minimums,https://www.youtube.com/watch?v=v0e8p9JCgRc,Medium,13.0
9,"Stack and Queues [Learning, Pre-In-Post-fix, Monotonic Stack, Implementation]",Monotonic Stack/Queue Problems [VVV. Imp],Asteroid Collision,https://crackedprep.com/asteroid-collision-interview-question,crackedprep,https://takeuforward.org/data-structure/asteroid-collision,https://www.youtube.com/watch?v=_eYGqw_VDR4,Medium,32.0
9,"Stack and Queues [Learning, Pre-In-Post-fix, Monotonic Stack, Implementation]",Monotonic Stack/Queue Problems [VVV. Imp],Sum of Subarray Ranges,https://leetcode.com/problems/sum-of-subarray-ranges/,LeetCode,https://takeuforward.org/data-structure/sum-of-subarray-ranges,https://www.youtube.com/watch?v=gIrMptNPf5M,Medium,9.0
9,"Stack and Queues [Learning, Pre-In-Post-fix, Monotonic Stack, Implementation]",Monotonic Stack/Queue Problems [VVV. Imp],Remove K Digits,https://crackedprep.com/remove-k-digits-interview-question,crackedprep,https://takeuforward.org/data-structure/remove-k-digits,https://www.youtube.com/watch?v=jmbuRzYPGrg,Medium,21.0
9,"Stack and Queues [Learning, Pre-In-Post-fix, Monotonic Stack, Implementation]",Monotonic Stack/Queue Problems [VVV. Imp],Largest rectangle in a histogram,https://crackedprep.com/largest-rectangle-in-histogram-interview-question,crackedprep,https://takeuforward.org/data-structure/area-of-largest-rectangle-in-histogram/,https://www.youtube.com/watch?v=Bzat9vgD0fs,Hard,30.0
9,"Stack and Queues [Learning, Pre-In-Post-fix, Monotonic Stack, Implementation]",Monotonic Stack/Queue Problems [VVV. Imp],Maximum Rectangles,https://crackedprep.com/maximal-rectangle-interview-question,crackedprep,https://takeuforward.org/data-structure/maximum-rectangle-area-with-all-1s-dp-on-rectangles-dp-55/,https://www.youtube.com/watch?v=tOylVCugy9k,Hard,15.0
9,"Stack and Queues [Learning, Pre-In-Post-fix, Monotonic Stack, Implementation]",Implementation Problems,Sliding Window Maximum,https://crackedprep.com/sliding-window-maximum-interview-question,crackedprep,https://takeuforward.org/data-structure/sliding-window-maximum/,https://www.youtube.com/watch?v=NwBvene4Imo,Hard,48.0
9,"Stack and Queues [Learning, Pre-In-Post-fix, Monotonic Stack, Implementation]",Implementation Problems,Stock span problem,https://leetcode.com/problems/online-stock-span/,LeetCode,https://takeuforward.org/data-structure/stock-span-problem,https://www.youtube.com/watch?v=eay-zoSRkVc,Hard,7.0
9,"Stack and Queues [Learning, Pre-In-Post-fix, Monotonic Stack, Implementation]",Implementation Problems,Celebrity Problem,https://takeuforward.org/data-structure/celebrity-problem,takeUforward,https://takeuforward.org/data-structure/celebrity-problem,https://www.youtube.com/watch?v=cEadsbTeze4,Hard,
9,"Stack and Queues [Learning, Pre-In-Post-fix, Monotonic Stack, Implementation]",Implementation Problems,LRU Cache,https://takeuforward.org/data-structure/program-for-least-recently-used-lru-page-replacement-algorithm,takeUforward,https://takeuforward.org/data-structure/program-for-least-recently-used-lru-page-replacement-algorithm,,Medium,
9,"Stack and Queues [Learning, Pre-In-Post-fix, Monotonic Stack, Implementation]",Implementation Problems,LFU Cache,https://crackedprep.com/lfu-cache-interview-question,crackedprep,https://takeuforward.org/data-structure/lfu-cache,https://www.youtube.com/watch?v=0PSB9y8ehbk,Hard,32.0
10,Sliding Window & Two Pointer Combined Problems,Medium Problems,Longest Substring Without Repeating Characters,https://crackedprep.com/longest-substring-without-repeating-characters-interview-question,crackedprep,https://takeuforward.org/data-structure/length-of-longest-substring-without-any-repeating-character/,https://www.youtube.com/watch?v=-zSxTJkcdAo,Medium,105.0
10,Sliding Window & Two Pointer Combined Problems,Medium Problems,Max Consecutive Ones III,https://crackedprep.com/max-consecutive-ones-iii-interview-question,crackedprep,https://takeuforward.org/data-structure/max-consecutive-ones-iii,https://www.youtube.com/watch?v=3E4JBHSLpYk,Medium,20.0
10,Sliding Window & Two Pointer Combined Problems,Medium Problems,Fruit Into Baskets,https://crackedprep.com/fruit-into-baskets-interview-question,crackedprep,https://takeuforward.org/data-structure/fruit-into-baskets,https://www.youtube.com/watch?v=e3bs0uA1NhQ,Medium,11.0
10,Sliding Window & Two Pointer Combined Problems,Medium Problems,Longest Repeating Character Replacement,https://crackedprep.com/longest-repeating-character-replacement-interview-question,crackedprep,https://takeuforward.org/data-structure/longest-repeating-character-replacement,https://www.youtube.com/watch?v=_eNhaDCr6P0,Hard,22.0
10,Sliding Window & Two Pointer Combined Problems,Medium Problems,Binary Subarrays With Sum,https://leetcode.com/problems/binary-subarrays-with-sum/,LeetCode,https://takeuforward.org/data-structure/binary-subarray-with-sum,https://www.youtube.com/watch?v=XnMdNUkX6VM,Hard,7.0
10,Sliding Window & Two Pointer Combined Problems,Medium Problems,Count number of Nice subarrays,https://leetcode.com/problems/count-number-of-nice-subarrays/,LeetCode,https://takeuforward.org/data-structure/count-number-of-nice-subarrays,https://www.youtube.com/watch?v=j_QOv9OT9Og,Hard,9.0
10,Sliding Window & Two Pointer Combined Problems,Medium Problems,Number of Substrings Containing All Three Characters,https://leetcode.com/problems/number-of-substrings-containing-all-three-characters/,LeetCode,https://takeuforward.org/data-structure/number-of-substring-containing-all-three-characters,https://www.youtube.com/watch?v=xtqN4qlgr8s,Hard,6.0
10,Sliding Window & Two Pointer Combined Problems,Medium Problems,Maximum Points You Can Obtain from Cards,https://crackedprep.com/maximum-points-you-can-obtain-from-cards-interview-question,crackedprep,https://takeuforward.org/data-structure/maximum-point-you-can-obtain-from-cards,https://www.youtube.com/watch?v=pBWCOCS636U,Medium,11.0
10,Sliding Window & Two Pointer Combined Problems,Hard Problems,Longest Substring With At Most K Distinct Characters,https://crackedprep.com/longest-substring-with-at-most-k-distinct-characters-interview-question,crackedprep,https://takeuforward.org/data-structure/longest-substring-with-at-most-k-distinct-characters,https://www.youtube.com/watch?v=teM9ZsVRQyc,Hard,12.0
10,Sliding Window & Two Pointer Combined Problems,Hard Problems,Subarrays with K Different Integers,https://crackedprep.com/subarrays-with-k-different-integers-interview-question,crackedprep,https://takeuforward.org/data-structure/subarray-with-k-different-integers,https://www.youtube.com/watch?v=7wYGbV_LsX4,Medium,18.0
10,Sliding Window & Two Pointer Combined Problems,Hard Problems,Minimum Window Substring,https://crackedprep.com/minimum-window-substring-interview-question,crackedprep,,https://www.youtube.com/watch?v=WJaij9ffOIY,Hard,35.0
10,Sliding Window & Two Pointer Combined Problems,Hard Problems,Minimum Window Subsequence,https://leetcode.com/problems/minimum-window-subsequence/,LeetCode,,,Hard,5.0
11,"Heaps [Learning, Medium, Hard Problems]",Learning,Heaps (Theory Video),https://takeuforward.org/data-structure/introduction-to-priority-queues-using-binary-heaps,takeUforward,https://takeuforward.org/data-structure/introduction-to-priority-queues-using-binary-heaps,,Easy,
11,"Heaps [Learning, Medium, Hard Problems]",Learning,Implement Min Heap,https://takeuforward.org/plus/dsa/problems/implement-min-heap,takeUforward,,,Medium,
11,"Heaps [Learning, Medium, Hard Problems]",Learning,Check if an array represents a min heap,https://takeuforward.org/data-structure/check-if-an-array-represents-a-min-heap,takeUforward,https://takeuforward.org/data-structure/check-if-an-array-represents-a-min-heap,,Medium,
11,"Heaps [Learning, Medium, Hard Problems]",Learning,Convert Min Heap to Max Heap,https://takeuforward.org/plus/dsa/problems/convert-min-heap-to-max-heap,takeUforward,,,Medium,
11,"Heaps [Learning, Medium, Hard Problems]",Medium Problems,K-th Largest element in an array,https://takeuforward.org/data-structure/kth-largest-smallest-element-in-an-array/,takeUforward,https://takeuforward.org/data-structure/kth-largest-smallest-element-in-an-array/,,Medium,
11,"Heaps [Learning, Medium, Hard Problems]",Medium Problems,Kth smallest element in an array [use priority queue],https://takeuforward.org/data-structure/kth-largest-smallest-element-in-an-array/,takeUforward,https://takeuforward.org/data-structure/kth-largest-smallest-element-in-an-array/,,Medium,
11,"Heaps [Learning, Medium, Hard Problems]",Medium Problems,Sort K sorted array,https://takeuforward.org/data-structure/sort-k-sorted-array,takeUforward,https://takeuforward.org/data-structure/sort-k-sorted-array,,Easy,
11,"Heaps [Learning, Medium, Hard Problems]",Medium Problems,Merge K sorted Lists,https://crackedprep.com/merge-k-sorted-lists-interview-question,crackedprep,https://takeuforward.org/data-structure/merge-m-sorted-lists,,Hard,50.0
11,"Heaps [Learning, Medium, Hard Problems]",Medium Problems,Replace Elements by Their Rank,https://takeuforward.org/data-structure/replace-elements-by-its-rank-in-the-array/,takeUforward,https://takeuforward.org/data-structure/replace-elements-by-its-rank-in-the-array/,,Easy,
11,"Heaps [Learning, Medium, Hard Problems]",Medium Problems,Task Scheduler,https://crackedprep.com/task-scheduler-interview-question,crackedprep,https://takeuforward.org/data-structure/task-scheduler,,Medium,24.0
11,"Heaps [Learning, Medium, Hard Problems]",Medium Problems,Hand of Straights,https://leetcode.com/problems/hand-of-straights/,LeetCode,https://takeuforward.org/data-structure/hands-of-straights,,Medium,6.0
11,"Heaps [Learning, Medium, Hard Problems]",Hard Problems,Design Twitter,https://crackedprep.com/design-twitter-interview-question,crackedprep,https://takeuforward.org/data-structure/design-twitter,,Medium,14.0
11,"Heaps [Learning, Medium, Hard Problems]",Hard Problems,Minimum Cost to Connect Sticks,https://takeuforward.org/data-structure/minimum-cost-to-connect-sticks,takeUforward,https://takeuforward.org/data-structure/minimum-cost-to-connect-sticks,,Medium,
11,"Heaps [Learning, Medium, Hard Problems]",Hard Problems,Kth largest element in a stream of running integers,https://crackedprep.com/kth-largest-element-in-a-stream-interview-question,crackedprep,https://takeuforward.org/data-structure/kth-largest-element-in-a-stream-of-running-integers,,Hard,11.0
11,"Heaps [Learning, Medium, Hard Problems]",Hard Problems,Maximum Sum Combination,https://takeuforward.org/data-structure/maximum-sum-combination,takeUforward,https://takeuforward.org/data-structure/maximum-sum-combination,,Hard,
11,"Heaps [Learning, Medium, Hard Problems]",Hard Problems,Find Median from Data Stream,https://crackedprep.com/find-median-from-data-stream-interview-question,crackedprep,https://takeuforward.org/data-structure/find-median-from-data-stream,,Hard,40.0
11,"Heaps [Learning, Medium, Hard Problems]",Hard Problems,Top K Frequent Elements,https://crackedprep.com/top-k-frequent-elements-interview-question,crackedprep,https://takeuforward.org/data-structure/top-k-frequent-elements,,Medium,53.0
12,"Greedy Algorithms [Easy, Medium/Hard]",Easy Problems,Assign Cookies,https://leetcode.com/problems/assign-cookies/,LeetCode,https://takeuforward.org/data-structure/assign-cookies,https://www.youtube.com/watch?v=DIX2p7vb9co,Easy,9.0
12,"Greedy Algorithms [Easy, Medium/Hard]",Easy Problems,Fractional Knapsack,https://takeuforward.org/data-structure/fractional-knapsack-problem-greedy-approach/,takeUforward,https://takeuforward.org/data-structure/fractional-knapsack-problem-greedy-approach/,https://www.youtube.com/watch?v=1ibsQrnuEEg,Medium,
12,"Greedy Algorithms [Easy, Medium/Hard]",Easy Problems,Lemonade Change,https://leetcode.com/problems/lemonade-change/,LeetCode,https://takeuforward.org/Greedy/lemonade-change,https://www.youtube.com/watch?v=n_tmibEhO6Q,Easy,8.0
12,"Greedy Algorithms [Easy, Medium/Hard]",Easy Problems,Valid Paranthesis Checker,https://crackedprep.com/valid-parenthesis-string-interview-question,crackedprep,https://takeuforward.org/data-structure/valid-paranthesis-checker,https://www.youtube.com/watch?v=cHT6sG_hUZI,Hard,16.0
12,"Greedy Algorithms [Easy, Medium/Hard]",Medium/Hard,N meetings in one room,https://takeuforward.org/data-structure/n-meetings-in-one-room/,takeUforward,https://takeuforward.org/data-structure/n-meetings-in-one-room/,https://www.youtube.com/watch?v=mKfhTotEguk,Medium,
12,"Greedy Algorithms [Easy, Medium/Hard]",Medium/Hard,Jump Game - I,https://crackedprep.com/jump-game-interview-question,crackedprep,https://takeuforward.org/Greedy/jump-game-i,https://www.youtube.com/watch?v=tZAa_jJ3SwQ,Easy,33.0
12,"Greedy Algorithms [Easy, Medium/Hard]",Medium/Hard,Jump Game II,https://crackedprep.com/jump-game-ii-interview-question,crackedprep,https://takeuforward.org/data-structure/jump-game-2,https://www.youtube.com/watch?v=7SBVnw7GSTk,Medium,26.0
12,"Greedy Algorithms [Easy, Medium/Hard]",Medium/Hard,Minimum number of platforms required for a railway,https://takeuforward.org/data-structure/minimum-number-of-platforms-required-for-a-railway/,takeUforward,https://takeuforward.org/data-structure/minimum-number-of-platforms-required-for-a-railway/,https://www.youtube.com/watch?v=AsGzwR_FWok,Medium,
12,"Greedy Algorithms [Easy, Medium/Hard]",Medium/Hard,Job sequencing Problem,https://takeuforward.org/data-structure/job-sequencing-problem/,takeUforward,https://takeuforward.org/data-structure/job-sequencing-problem/,https://www.youtube.com/watch?v=QbwltemZbRg,Medium,
12,"Greedy Algorithms [Easy, Medium/Hard]",Medium/Hard,Candy,https://leetcode.com/problems/candy/,LeetCode,,https://youtu.be/IIqVFvKE6RY?si=EjmuXZJNLQLUkEd7,Hard,
12,"Greedy Algorithms [Easy, Medium/Hard]",Medium/Hard,Shortest Job First,,takeUforward,,https://youtu.be/3-QbX1iDbXs?si=IH8QZUblr01F7Uo,Medium,
12,"Greedy Algorithms [Easy, Medium/Hard]",Medium/Hard,Program for Least Recently Used (LRU) Page Replacement Algorithm,,takeUforward,,,Medium,
12,"Greedy Algorithms [Easy, Medium/Hard]",Medium/Hard,Insert Interval,https://leetcode.com/problems/insert-interval/,LeetCode,,https://youtu.be/xxRE-46OCC8?si=a7aPuIw16Dx2lAa,Medium,
12,"Greedy Algorithms [Easy, Medium/Hard]",Medium/Hard,Merge Intervals,https://leetcode.com/problems/merge-intervals/,LeetCode,,https://www.youtube.com/watch?v=2JzRBPFYbKE&list=PLgUwDviBIf0rPG3Ictpu74YWBQ1CaBkm2&index=6,Medium,
12,"Greedy Algorithms [Easy, Medium/Hard]",Medium/Hard,Non-overlapping Intervals,https://leetcode.com/problems/non-overlapping-intervals/,LeetCode,,https://youtu.be/HDHQ8lAWakY?si=JVtLqboGdpUTOVjf,Medium,
13,"Binary Trees [Traversals, Medium and Hard Problems]",Traversals,Introduction to Trees,,takeUforward,,https://youtu.be/_ANrF3FJm7I,Easy,
13,"Binary Trees [Traversals, Medium and Hard Problems]",Traversals,Binary Tree Representation in Java,,takeUforward,,https://youtu.be/hyLyW7rP24I,Easy,
13,"Binary Trees [Traversals, Medium and Hard Problems]",Traversals,"Pre, Post, Inorder in one traversal",,takeUforward,,https://youtu.be/ySp2epYvgTE,Easy,
13,"Binary Trees [Traversals, Medium and Hard Problems]",Traversals,Preorder Traversal,https://leetcode.com/problems/binary-tree-preorder-traversal/,LeetCode,,https://youtu.be/RlUu72JrOCQ,Easy,
13,"Binary Trees [Traversals, Medium and Hard Problems]",Traversals,Inorder Traversal of Binary Tree,https://leetcode.com/problems/binary-tree-inorder-traversal/,LeetCode,,https://youtu.be/Z_NEgBgbRVI,Easy,
13,"Binary Trees [Traversals, Medium and Hard Problems]",Traversals,Postorder Traversal,https://leetcode.com/problems/binary-tree-postorder-traversal/,LeetCode,,https://youtu.be/2YBhNLodD8Q,Easy,
13,"Binary Trees [Traversals, Medium and Hard Problems]",Traversals,Level Order Traversal,https://leetcode.com/problems/binary-tree-level-order-traversal/,LeetCode,,https://youtu.be/EoAsWbO7sqg,Easy,
13,"Binary Trees [Traversals, Medium and Hard Problems]",Traversals,Iterative Preorder Traversal of Binary Tree,https://leetcode.com/problems/binary-tree-preorder-traversal/,LeetCode,,https://youtu.be/Bfqd8BsPVuw,Easy,
13,"Binary Trees [Traversals, Medium and Hard Problems]",Traversals,Iterative Inorder Traversal of Binary Tree,https://leetcode.com/problems/binary-tree-inorder-traversal/,LeetCode,,https://youtu.be/lxTGsVXjwvM,Easy,
13,"Binary Trees [Traversals, Medium and Hard Problems]",Traversals,Post-order Traversal of Binary Tree using 2 stack,https://leetcode.com/problems/binary-tree-postorder-traversal/,LeetCode,,https://youtu.be/2YBhNLodD8Q,Easy,
13,"Binary Trees [Traversals, Medium and Hard Problems]",Traversals,Post-order Traversal of Binary Tree using 1 stack,https://leetcode.com/problems/binary-tree-postorder-traversal/,LeetCode,,https://youtu.be/NzIGLLwZBS8,Easy,
13,"Binary Trees [Traversals, Medium and Hard Problems]",Traversals,"Preorder, Inorder, and Postorder Traversal in one Traversal",,takeUforward,,https://youtu.be/ySp2epYvgTE,Easy,
13,"Binary Trees [Traversals, Medium and Hard Problems]",Medium Problems,Maximum Depth in BT,https://leetcode.com/problems/maximum-depth-of-binary-tree/,LeetCode,,https://youtu.be/eD3tmO66aBA,Medium,
13,"Binary Trees [Traversals, Medium and Hard Problems]",Medium Problems,Check for balanced binary tree,https://leetcode.com/problems/balanced-binary-tree/,LeetCode,,https://youtu.be/Yt50Jfbd8Po,Medium,
13,"Binary Trees [Traversals, Medium and Hard Problems]",Medium Problems,Diameter of Binary Tree,https://leetcode.com/problems/diameter-of-binary-tree/,LeetCode,,https://youtu.be/Rezetez59Nk,Easy,
13,"Binary Trees [Traversals, Medium and Hard Problems]",Medium Problems,Maximum path sum ,https://leetcode.com/problems/binary-tree-maximum-path-sum/,LeetCode,,https://youtu.be/WszrfSwMz58,Medium,
13,"Binary Trees [Traversals, Medium and Hard Problems]",Medium Problems,Check if two trees are identical or not,https://leetcode.com/problems/same-tree/,LeetCode,,https://youtu.be/BhuvF_-PWS0,Medium,
13,"Binary Trees [Traversals, Medium and Hard Problems]",Medium Problems,Zig Zag or Spiral Traversal,https://leetcode.com/problems/binary-tree-zigzag-level-order-traversal/,LeetCode,,https://youtu.be/3OXWEdlIGl4,Medium,
13,"Binary Trees [Traversals, Medium and Hard Problems]",Medium Problems,Boundary Traversal,https://leetcode.com/problems/boundary-of-binary-tree/,LeetCode,,https://youtu.be/0ca1nvR0be4,Medium,
13,"Binary Trees [Traversals, Medium and Hard Problems]",Medium Problems,Vertical Order Traversal,https://leetcode.com/problems/vertical-order-traversal-of-a-binary-tree/,LeetCode,,https://youtu.be/q_a6lpbKJdw,Medium,
13,"Binary Trees [Traversals, Medium and Hard Problems]",Medium Problems,Top View of BT,,takeUforward,,https://youtu.be/Et9OCDNvJ78,Medium,
13,"Binary Trees [Traversals, Medium and Hard Problems]",Medium Problems,Bottom view of BT,,takeUforward,,https://youtu.be/0FtVY6I4pB8,Medium,
13,"Binary Trees [Traversals, Medium and Hard Problems]",Medium Problems,Right/Left View of Binary Tree,https://leetcode.com/problems/binary-tree-right-side-view/,LeetCode,,https://youtu.be/KV4mRzTjlAk,Medium,
13,"Binary Trees [Traversals, Medium and Hard Problems]",Medium Problems,Symmetric Binary Tree,https://leetcode.com/problems/symmetric-tree/,LeetCode,,https://youtu.be/nKggiEpBE,Medium,
13,"Binary Trees [Traversals, Medium and Hard Problems]",Hard Problems,Print root to leaf path in BT,,takeUforward,,https://youtu.be/fmflMqVOC7k,Medium,
13,"Binary Trees [Traversals, Medium and Hard Problems]",Hard Problems,LCA in BT,https://leetcode.com/problems/lowest-common-ancestor-of-a-binary-tree/,LeetCode,,https://youtu.be/_-QHfMDde90,Hard,
13,"Binary Trees [Traversals, Medium and Hard Problems]",Hard Problems,Maximum Width of BT,https://leetcode.com/problems/maximum-width-of-binary-tree/,LeetCode,,https://youtu.be/ZbybYvcVLks,Medium,
13,"Binary Trees [Traversals, Medium and Hard Problems]",Hard Problems,Children Sum Property in Binary Tree,,takeUforward,,https://youtu.be/fnmisPM6cVo,Medium,
13,"Binary Trees [Traversals, Medium and Hard Problems]",Hard Problems,Print all nodes at a distance of K in BT,https://leetcode.com/problems/all-nodes-distance-k-in-binary-tree/,LeetCode,,https://youtu.be/i9ORlEy6EsI,Hard,
13,"Binary Trees [Traversals, Medium and Hard Problems]",Hard Problems,Minimum time taken to burn the BT from a given Node,,takeUforward,,https://youtu.be/2r5wLmQfD6g,Hard,
13,"Binary Trees [Traversals, Medium and Hard Problems]",Hard Problems,Count total nodes in a complete BT,https://leetcode.com/problems/count-complete-tree-nodes/,LeetCode,,https://youtu.be/u-yWemKGWO0,Easy,
13,"Binary Trees [Traversals, Medium and Hard Problems]",Hard Problems,Requirements needed to construct a unique BT,,takeUforward,,https://youtu.be/9GMECGQgWrQ,Medium,
13,"Binary Trees [Traversals, Medium and Hard Problems]",Hard Problems,Construct a BT from Preorder and Inorder,https://leetcode.com/problems/construct-binary-tree-from-preorder-and-inorder-traversal/,LeetCode,,https://youtu.be/aZNaLrVebKQ,Hard,
13,"Binary Trees [Traversals, Medium and Hard Problems]",Hard Problems,Construct the Binary Tree from Postorder and Inorder Traversal,https://leetcode.com/problems/construct-binary-tree-from-inorder-and-postorder-traversal/,LeetCode,,https://youtu.be/LgLRTaEMRVc,Hard,
13,"Binary Trees [Traversals, Medium and Hard Problems]",Hard Problems,Serialize and De-serialize BT,https://leetcode.com/problems/serialize-and-deserialize-binary-tree/,LeetCode,,https://youtu.be/-YbXySKJsX8,Hard,
13,"Binary Trees [Traversals, Medium and Hard Problems]",Hard Problems,Morris Preorder Traversal of a Binary Tree,https://leetcode.com/problems/binary-tree-inorder-traversal/,LeetCode,,https://youtu.be/80Zug6D1_r4,Hard,
13,"Binary Trees [Traversals, Medium and Hard Problems]",Hard Problems,Morris Inorder Traversal of a Binary Tree,https://leetcode.com/problems/binary-tree-inorder-traversal/,LeetCode,,https://youtu.be/80Zug6D1_r4,Hard,
13,"Binary Trees [Traversals, Medium and Hard Problems]",Hard Problems,Flatten Binary Tree to Linked List,https://leetcode.com/problems/flatten-binary-tree-to-linked-list/,LeetCode,,https://youtu.be/sWf7k1x9XR4,Medium,
14,Binary Search Trees [Concept and Problems],Concepts,Introduction to BST,,takeUforward,,https://youtu.be/p7-9UvDQZ3w,Easy,
14,Binary Search Trees [Concept and Problems],Concepts,Search in a Binary Search Tree,https://leetcode.com/problems/search-in-a-binary-search-tree/,LeetCode,,https://youtu.be/KcNt6v_56cc,Easy,
14,Binary Search Trees [Concept and Problems],Concepts,Find Min/Max in BST,,takeUforward,,,Easy,
14,Binary Search Trees [Concept and Problems],Practice Problems,Floor and Ceil in a BST,,takeUforward,,https://www.youtube.com/watch?v=xm_W1ub-K-w&list=PLgUwDviBIf0q8Hkd7bK2Bpryj2xVJk8Vk&index=43,Easy,
14,Binary Search Trees [Concept and Problems],Practice Problems,Floor in a Binary Search Tree,,takeUforward,,https://youtu.be/xm_W1ub-K-w,Easy,
14,Binary Search Trees [Concept and Problems],Practice Problems,Insert a given node in BST,https://leetcode.com/problems/insert-into-a-binary-search-tree/,LeetCode,,https://youtu.be/FiFiNvM29ps,Medium,
14,Binary Search Trees [Concept and Problems],Practice Problems,Delete a node in BST,https://leetcode.com/problems/delete-node-in-a-bst/,LeetCode,,https://youtu.be/kouxiP_H5WE,Medium,
14,Binary Search Trees [Concept and Problems],Practice Problems,Kth Smallest and Largest element in BST,https://leetcode.com/problems/kth-smallest-element-in-a-bst/,LeetCode,,https://youtu.be/9TJYWh0adfk,Medium,
14,Binary Search Trees [Concept and Problems],Practice Problems,Check if a tree is a BST or not,https://leetcode.com/problems/validate-binary-search-tree/,LeetCode,,https://youtu.be/f-sj7I5oXEI,Medium,
14,Binary Search Trees [Concept and Problems],Practice Problems,LCA in BST,https://leetcode.com/problems/lowest-common-ancestor-of-a-binary-search-tree/,LeetCode,,https://youtu.be/cX_kPV_foZc,Medium,
14,Binary Search Trees [Concept and Problems],Practice Problems,Construct a BST from a preorder traversal,https://leetcode.com/problems/construct-binary-search-tree-from-preorder-traversal/,LeetCode,,https://youtu.be/UmJT3j26t1I,Medium,
14,Binary Search Trees [Concept and Problems],Practice Problems,Inorder Successor/Predecessor in BST,https://leetcode.com/problems/inorder-successor-in-bst/,LeetCode,,https://youtu.be/SXKAD2svfmI,Medium,
14,Binary Search Trees [Concept and Problems],Practice Problems,Merge 2 BST's,https://leetcode.com/problems/binary-search-tree-iterator/,LeetCode,,https://youtu.be/D2jMcmxU4bs,Hard,
14,Binary Search Trees [Concept and Problems],Practice Problems,Two Sum In BST | Check if there exists a pair with Sum K,https://leetcode.com/problems/two-sum-iv-input-is-a-bst/,LeetCode,,https://youtu.be/ssL3sHwPeb4,Hard,
14,Binary Search Trees [Concept and Problems],Practice Problems,Correct BST with two nodes swapped,https://leetcode.com/problems/recover-binary-search-tree/,LeetCode,,https://youtu.be/ZWGW7FminDM,Hard,
14,Binary Search Trees [Concept and Problems],Practice Problems,Largest BST in Binary Tree,https://leetcode.com/problems/maximum-sum-bst-in-binary-tree/,LeetCode,,https://youtu.be/X0oXMdtUDwo,Hard,
15,Graphs [Concepts & Problems],Learning,Introduction to Graph,,takeUforward,,https://youtu.be/3oI-34aPMWM,Easy,
15,Graphs [Concepts & Problems],Learning,Graph Representation | C++,,takeUforward,,https://youtu.be/3oI-34aPMWM,Easy,
15,Graphs [Concepts & Problems],Learning,Graph Representation | Java,,takeUforward,,https://youtu.be/3oI-34aPMWM,Easy,
15,Graphs [Concepts & Problems],Learning,Connected Components,,takeUforward,,,Medium,
15,Graphs [Concepts & Problems],Learning,Traversal Techniques,,takeUforward,,https://youtu.be/Qzf1a--rhp8,Medium,
15,Graphs [Concepts & Problems],Learning,DFS,,takeUforward,,https://youtu.be/Qzf1a--rhp8,Medium,
15,Graphs [Concepts & Problems],Problems on BFS/DFS,Number of provinces,https://leetcode.com/problems/number-of-provinces/,LeetCode,,https://youtu.be/ACzkVtewUYA,Medium,
15,Graphs [Concepts & Problems],Problems on BFS/DFS,Connected Components Problem in Matrix,,takeUforward,,,Medium,
15,Graphs [Concepts & Problems],Problems on BFS/DFS,Rotten Oranges,https://leetcode.com/problems/rotting-oranges/,LeetCode,,https://www.youtube.com/watch?v=yf3oUhkvqA0,Medium,
15,Graphs [Concepts & Problems],Problems on BFS/DFS,Flood fill algorithm,https://leetcode.com/problems/flood-fill/,LeetCode,,,Medium,
15,Graphs [Concepts & Problems],Problems on BFS/DFS,Cycle Detection in Undirected Graph (bfs),,takeUforward,,https://youtu.be/BPlrALf1LDU,Hard,
15,Graphs [Concepts & Problems],Problems on BFS/DFS,Detect a cycle in an undirected graph,https://leetcode.com/problems/course-schedule/,LeetCode,,https://youtu.be/zQ3zgFypzX4,Hard,
15,Graphs [Concepts & Problems],Problems on BFS/DFS,Distance of nearest cell having one,https://leetcode.com/problems/01-matrix/,LeetCode,,https://youtu.be/edXdVwkYHF8,Medium,
15,Graphs [Concepts & Problems],Problems on BFS/DFS,Surrounded Regions,https://leetcode.com/problems/surrounded-regions/,LeetCode,,https://youtu.be/BtdgAys4yMk,Medium,
15,Graphs [Concepts & Problems],Problems on BFS/DFS,Number of enclaves,https://leetcode.com/problems/number-of-enclaves/,LeetCode,,https://youtu.be/rxKcepXQgU4,Medium,
15,Graphs [Concepts & Problems],Problems on BFS/DFS,Word ladder I,https://leetcode.com/problems/word-ladder/,LeetCode,,https://youtu.be/tRPda0rcf8E,Hard,
15,Graphs [Concepts & Problems],Problems on BFS/DFS,Word ladder II,https://leetcode.com/problems/word-ladder-ii/,LeetCode,,https://youtu.be/AD4SFl7tu7I?si=EpcJQTWm2YeURvEG,Hard,
15,Graphs [Concepts & Problems],Problems on BFS/DFS,Number of islands,https://leetcode.com/problems/number-of-islands/,LeetCode,,https://www.youtube.com/watch?v=muncqlKJrH0&list=PLgUwDviBIf0oE3gA41TKO2H5bHpPd7fzn&index=8,Medium,
15,Graphs [Concepts & Problems],Problems on BFS/DFS,Bipartite Graph (DFS),https://leetcode.com/problems/is-graph-bipartite/,LeetCode,,https://youtu.be/KG5YFfR0j8A,Hard,
15,Graphs [Concepts & Problems],Problems on BFS/DFS,Cycle Detection in Directed Graph (DFS),https://leetcode.com/problems/course-schedule-ii/,LeetCode,,https://youtu.be/9twcmtQj4DU,Hard,
15,Graphs [Concepts & Problems],Topo Sort and Problems,Topo Sort,,takeUforward,,https://youtu.be/5lZ0iJMrUMk,Hard,
15,Graphs [Concepts & Problems],Topo Sort and Problems,Topological sort or Kahn's algorithm,,takeUforward,,https://youtu.be/5lZ0iJMrUMk,Hard,
15,Graphs [Concepts & Problems],Topo Sort and Problems,Detect a cycle in a directed graph,https://leetcode.com/problems/course-schedule/,LeetCode,,https://www.youtube.com/watch?v=uzVUw90ZFIg&list=PLgUwDviBIf0rGEWe64KWas0Nryn7SCRWw&index=12,Hard,
15,Graphs [Concepts & Problems],Topo Sort and Problems,Course Schedule I,https://leetcode.com/problems/course-schedule/,LeetCode,,https://youtu.be/WAOfKpxYHR8,Hard,
15,Graphs [Concepts & Problems],Topo Sort and Problems,Course Schedule II,https://leetcode.com/problems/course-schedule-ii/,LeetCode,,https://youtu.be/WAOfKpxYHR8,Medium,
15,Graphs [Concepts & Problems],Topo Sort and Problems,Find eventual safe states,https://leetcode.com/problems/find-eventual-safe-states/,LeetCode,,https://youtu.be/2gtg3VsDGyc,Hard,
15,Graphs [Concepts & Problems],Topo Sort and Problems,Alien Dictionary,https://leetcode.com/problems/alien-dictionary/solution/,LeetCode,,https://youtu.be/U3N_je7tWAs,Hard,
15,Graphs [Concepts & Problems],Shortest Path Algorithms and Problems,Shortest path in undirected graph with unit weights,,takeUforward,,https://www.youtube.com/watch?v=C4gxoTaI71U&list=PLgUwDviBIf0oE3gA41TKO2H5bHpPd7fzn&index=28,Hard,
15,Graphs [Concepts & Problems],Shortest Path Algorithms and Problems,Shortest path in DAG,,takeUforward,,https://www.youtube.com/watch?v=ZUFQfFaU-8U&list=PLgUwDviBIf0oE3gA41TKO2H5bHpPd7fzn&index=27,Hard,
15,Graphs [Concepts & Problems],Shortest Path Algorithms and Problems,Djisktra's Algorithm,,takeUforward,,https://www.youtube.com/watch?v=rp1SMw7HSO8&list=PLgUwDviBIf0oE3gA41TKO2H5bHpPd7fzn&index=35,Hard,
15,Graphs [Concepts & Problems],Shortest Path Algorithms and Problems,Why priority Queue is used in Djisktra's Algorithm,,takeUforward,,https://www.youtube.com/watch?v=rp1SMw7HSO8&list=PLgUwDviBIf0oE3gA41TKO2H5bHpPd7fzn&index=35,Hard,
15,Graphs [Concepts & Problems],Shortest Path Algorithms and Problems,Shortest Distance in a Binary Maze,https://leetcode.com/problems/shortest-path-in-binary-matrix/,LeetCode,,https://www.youtube.com/watch?v=U5Mw4eyUmw4&list=PLgUwDviBIf0oE3gA41TKO2H5bHpPd7fzn&index=36,Hard,
15,Graphs [Concepts & Problems],Shortest Path Algorithms and Problems,Path with minimum effort,https://leetcode.com/problems/path-with-minimum-effort/,LeetCode,,https://youtu.be/0ytpZyiZFhA,Hard,
15,Graphs [Concepts & Problems],Shortest Path Algorithms and Problems,Cheapest flight within K stops,https://leetcode.com/problems/cheapest-flights-within-k-stops/,LeetCode,,https://youtu.be/9XybHVqTHcQ,Hard,
15,Graphs [Concepts & Problems],Shortest Path Algorithms and Problems,Network Delay Time,https://leetcode.com/problems/network-delay-time/,LeetCode,,,Medium,
15,Graphs [Concepts & Problems],Shortest Path Algorithms and Problems,Number of ways to arrive at destination,https://leetcode.com/problems/number-of-ways-to-arrive-at-destination/,LeetCode,,https://youtu.be/_-0mx0SmYxA,Hard,
15,Graphs [Concepts & Problems],Shortest Path Algorithms and Problems,Minimum multiplications to reach end,,takeUforward,,https://www.youtube.com/watch?v=_BvEJ3VIDWw&list=PLgUwDviBIf0oE3gA41TKO2H5bHpPd7fzn&index=39,Hard,
15,Graphs [Concepts & Problems],Shortest Path Algorithms and Problems,Bellman Ford Algorithm,,takeUforward,,https://youtu.be/0vVofAhAYjc,Hard,
15,Graphs [Concepts & Problems],Shortest Path Algorithms and Problems,Floyd warshall algorithm,,takeUforward,,https://www.youtube.com/watch?v=YbY8cVwWAvw&list=PLgUwDviBIf0oE3gA41TKO2H5bHpPd7fzn&index=42,Hard,
15,Graphs [Concepts & Problems],Shortest Path Algorithms and Problems,Find the city with the smallest number of neighbors,https://leetcode.com/problems/find-the-city-with-the-smallest-number-of-neighbors-at-a-threshold-distance/,LeetCode,,https://youtu.be/9XybHVqTHcQ,Hard,
15,Graphs [Concepts & Problems],MinimumSpanningTree/Disjoint Set and Problems,MST theory,,takeUforward,,https://youtu.be/ZSPjZuZWCME,Easy,
15,Graphs [Concepts & Problems],MinimumSpanningTree/Disjoint Set and Problems,Prim's Algorithm,,takeUforward,,https://youtu.be/mJcZjjKzeqk,Hard,
15,Graphs [Concepts & Problems],MinimumSpanningTree/Disjoint Set and Problems,Disjoint Set ,,takeUforward,,https://youtu.be/aBxjDBC4M1U,Hard,
15,Graphs [Concepts & Problems],MinimumSpanningTree/Disjoint Set and Problems,Find the MST weight,,takeUforward,,https://youtu.be/mJcZjjKzeqk,Hard,
15,Graphs [Concepts & Problems],MinimumSpanningTree/Disjoint Set and Problems,Number of operations to make network connected,https://leetcode.com/problems/number-of-operations-to-make-network-connected/,LeetCode,,https://youtu.be/FYrl7iz9_ZU,Hard,
15,Graphs [Concepts & Problems],MinimumSpanningTree/Disjoint Set and Problems,Most stones removed with same row or column,https://leetcode.com/problems/most-stones-removed-with-same-row-or-column/,LeetCode,,https://youtu.be/OwMNX8SPavM,Medium,
15,Graphs [Concepts & Problems],MinimumSpanningTree/Disjoint Set and Problems,Accounts merge,https://leetcode.com/problems/accounts-merge/,LeetCode,,https://youtu.be/FMwpt_aQOGw,Hard,
15,Graphs [Concepts & Problems],MinimumSpanningTree/Disjoint Set and Problems,Number of islands II,https://leetcode.com/problems/number-of-islands-ii/,LeetCode,,https://youtu.be/Rn6B-Q4SNyA,Hard,
15,Graphs [Concepts & Problems],MinimumSpanningTree/Disjoint Set and Problems,Making a large island,https://leetcode.com/problems/making-a-large-island/,LeetCode,,https://youtu.be/lgiz0Oup6gM,Hard,
15,Graphs [Concepts & Problems],MinimumSpanningTree/Disjoint Set and Problems,Swim in Rising Water,https://leetcode.com/problems/swim-in-rising-water/,LeetCode,,,Medium,
15,Graphs [Concepts & Problems],Other Algorithms,Bridges in graph,https://leetcode.com/problems/critical-connections-in-a-network/,LeetCode,,https://youtu.be/qrAub5z8FeA,Hard,
15,Graphs [Concepts & Problems],Other Algorithms,Articulation point in graph,,takeUforward,,https://youtu.be/j1QDfU21iZk,Hard,
15,Graphs [Concepts & Problems],Other Algorithms,Kosaraju's algorithm,https://leetcode.com/problems/maximum-number-of-non-overlapping-substrings/,LeetCode,,https://www.youtube.com/watch?v=V8qIqJxCioo&list=PLgUwDviBIf0rGEWe64KWas0Nryn7SCRWw&index=27,Hard,
16,Dynamic Programming [Patterns and Problems],Introduction to DP,Introduction to DP,,takeUforward,,https://youtu.be/tyB0ztf0DNY,Easy,
16,Dynamic Programming [Patterns and Problems],1D DP,Climbing stairs,https://leetcode.com/problems/climbing-stairs/,LeetCode,,https://youtu.be/mLfjzJsN8us,Medium,
16,Dynamic Programming [Patterns and Problems],1D DP,Frog Jump,,takeUforward,,https://www.youtube.com/watch?v=EgG3jsGoPvQ,Medium,
16,Dynamic Programming [Patterns and Problems],1D DP,Frog jump with K distances,,takeUforward,,https://www.youtube.com/watch?v=Kmh3rhyEtB8,Medium,
16,Dynamic Programming [Patterns and Problems],1D DP,Maximum sum of non adjacent elements,https://leetcode.com/problems/house-robber/,LeetCode,,https://www.youtube.com/watch?v=GrMBfJNk_NY,Medium,
16,Dynamic Programming [Patterns and Problems],1D DP,House robber,https://leetcode.com/problems/house-robber-ii/,LeetCode,,https://www.youtube.com/watch?v=3WaxQMELSkw,Medium,
16,Dynamic Programming [Patterns and Problems],2D/3D DP and DP on Grids,Ninja's training,,takeUforward,,https://www.youtube.com/watch?v=AE39gJYuRog,Medium,
16,Dynamic Programming [Patterns and Problems],2D/3D DP and DP on Grids,Grid Unique Paths : DP on Grids (DP8),https://leetcode.com/problems/unique-paths/,LeetCode,,https://www.youtube.com/watch?v=sdE0A2Oxofw,Medium,
16,Dynamic Programming [Patterns and Problems],2D/3D DP and DP on Grids,Unique paths II,https://leetcode.com/problems/unique-paths-ii/,LeetCode,,https://www.youtube.com/watch?v=TmhpgXScLyY,Medium,
16,Dynamic Programming [Patterns and Problems],2D/3D DP and DP on Grids,Minimum Falling Path Sum,https://leetcode.com/problems/minimum-path-sum/,LeetCode,,https://youtu.be/_rgTlyky1uQ,Medium,
16,Dynamic Programming [Patterns and Problems],2D/3D DP and DP on Grids,Triangle,https://leetcode.com/problems/triangle/,LeetCode,,https://www.youtube.com/watch?v=SrP-PiLSYC0,Medium,
16,Dynamic Programming [Patterns and Problems],2D/3D DP and DP on Grids,Ninja and his Friends,,takeUforward,,https://www.youtube.com/watch?v=QGfn7JeXK54,Medium,
16,Dynamic Programming [Patterns and Problems],DP on Subsequences,Subset sum equal to target (DP- 14),,takeUforward,,https://www.youtube.com/watch?v=fWX9xDmIzRI,Hard,
16,Dynamic Programming [Patterns and Problems],DP on Subsequences,Partition equal subset sum,https://leetcode.com/problems/partition-equal-subset-sum/,LeetCode,,https://www.youtube.com/watch?v=7win3dcgo3k,Hard,
16,Dynamic Programming [Patterns and Problems],DP on Subsequences,Partition a set into two subsets with minimum absolute sum difference,https://leetcode.com/problems/partition-array-into-two-arrays-to-minimize-sum-difference/,LeetCode,,https://www.youtube.com/watch?v=GS_OqZb2CWc,Hard,
16,Dynamic Programming [Patterns and Problems],DP on Subsequences,Count subsets with sum K,,takeUforward,,https://www.youtube.com/watch?v=ZHyb-A2Mte4,Hard,
16,Dynamic Programming [Patterns and Problems],DP on Subsequences,Count partitions with given difference,,takeUforward,,https://www.youtube.com/watch?v=zoilQD1kYSg,Hard,
16,Dynamic Programming [Patterns and Problems],DP on Subsequences,Assign Cookies,https://leetcode.com/problems/assign-cookies/,LeetCode,,https://youtu.be/DIX2p7vb9co?si=GofAIDimue-Av0Fi,Easy,
16,Dynamic Programming [Patterns and Problems],DP on Subsequences,Minimum Coins (DP - 20),https://leetcode.com/problems/coin-change/,LeetCode,,https://www.youtube.com/watch?v=myPeWb3Y68A,Hard,
16,Dynamic Programming [Patterns and Problems],DP on Subsequences,Target sum,https://leetcode.com/problems/target-sum/,LeetCode,,https://www.youtube.com/watch?v=b3GD8263-PQ,Hard,
16,Dynamic Programming [Patterns and Problems],DP on Subsequences,Coin Change 2 (DP - 22),https://leetcode.com/problems/coin-change-2/,LeetCode,,https://www.youtube.com/watch?v=HgyouUi11zk,Hard,
16,Dynamic Programming [Patterns and Problems],DP on Subsequences,Unbounded knapsack,,takeUforward,,https://youtu.be/OgvOZ6OrJoY,Hard,
16,Dynamic Programming [Patterns and Problems],DP on Subsequences,Rod Cutting Problem | (DP - 24),,takeUforward,,https://youtu.be/mO8XpGoJwuo,Hard,
16,Dynamic Programming [Patterns and Problems],DP on Strings,Longest common subsequence,,takeUforward,,https://youtu.be/-zI4mrF2Pb4,Hard,
16,Dynamic Programming [Patterns and Problems],DP on Strings,Print Longest Common Subsequence | (DP - 26),,takeUforward,,https://youtu.be/-zI4mrF2Pb4,Hard,
16,Dynamic Programming [Patterns and Problems],DP on Strings,Longest common substring,,takeUforward,,https://youtu.be/_wP9mWNPL5w,Hard,
16,Dynamic Programming [Patterns and Problems],DP on Strings,Longest palindromic subsequence,https://leetcode.com/problems/longest-palindromic-subsequence/,LeetCode,,https://youtu.be/6i_T5kkfv4A,Hard,
16,Dynamic Programming [Patterns and Problems],DP on Strings,Minimum insertions to make string palindrome | DP-29,https://leetcode.com/problems/minimum-insertion-steps-to-make-a-string-palindrome/,LeetCode,,https://www.youtube.com/watch?v=xPBLEj41rFU,Hard,
16,Dynamic Programming [Patterns and Problems],DP on Strings,Minimum insertions or deletions to convert string A to B,https://leetcode.com/problems/delete-operation-for-two-strings/,LeetCode,,https://www.youtube.com/watch?v=yMnH0jrir0Q,Hard,
16,Dynamic Programming [Patterns and Problems],DP on Strings,Shortest common supersequence,https://leetcode.com/problems/shortest-common-supersequence/,LeetCode,,https://youtu.be/xElxAuBcvsU,Hard,
16,Dynamic Programming [Patterns and Problems],DP on Strings,Distinct subsequences,https://leetcode.com/problems/distinct-subsequences/,LeetCode,,https://youtu.be/nVG7eTiD2bY,Hard,
16,Dynamic Programming [Patterns and Problems],DP on Strings,Edit distance,https://leetcode.com/problems/edit-distance/,LeetCode,,https://youtu.be/fJaKO8FbDdo,Hard,
16,Dynamic Programming [Patterns and Problems],DP on Strings,Wildcard matching,https://leetcode.com/problems/wildcard-matching/,LeetCode,,https://youtu.be/ZmlQ3vgAOMo,Hard,
16,Dynamic Programming [Patterns and Problems],DP on Stocks,Best time to buy and sell stock,https://leetcode.com/problems/best-time-to-buy-and-sell-stock/,LeetCode,,https://youtu.be/excAOvwF_Wk,Medium,
16,Dynamic Programming [Patterns and Problems],DP on Stocks,Best time to buy and sell stock II,https://leetcode.com/problems/best-time-to-buy-and-sell-stock-ii/,LeetCode,,https://youtu.be/nGJmxkUJQGs,Medium,
16,Dynamic Programming [Patterns and Problems],DP on Stocks,Best time to buy and sell stock III,https://leetcode.com/problems/best-time-to-buy-and-sell-stock-iii/description/,LeetCode,,https://youtu.be/-uQGzhYj8BQ,Medium,
16,Dynamic Programming [Patterns and Problems],DP on Stocks,Best time to buy and sell stock IV,https://leetcode.com/problems/best-time-to-buy-and-sell-stock-iv/,LeetCode,,https://youtu.be/IV1dHbk5CDc,Medium,
16,Dynamic Programming [Patterns and Problems],DP on Stocks,Best Time to Buy and Sell Stock with Cooldown,https://leetcode.com/problems/best-time-to-buy-and-sell-stock-with-cooldown/,LeetCode,,https://youtu.be/IGIe46xw3YY,Medium,
16,Dynamic Programming [Patterns and Problems],DP on Stocks,Best time to buy and sell stock with transaction fees,https://leetcode.com/problems/best-time-to-buy-and-sell-stock-with-transaction-fee/,LeetCode,,https://youtu.be/k4eK-vEmnKg,Medium,
16,Dynamic Programming [Patterns and Problems],DP on LIS,Longest Increasing Subsequence,,takeUforward,,https://youtu.be/on2hvxBXJH4,Medium,
16,Dynamic Programming [Patterns and Problems],DP on LIS,Print Longest Increasing Subsequence,,takeUforward,,https://youtu.be/IFfYfonAFGc,Medium,
16,Dynamic Programming [Patterns and Problems],DP on LIS,Longest Increasing Subsequence |(DP-43),,takeUforward,,https://youtu.be/on2hvxBXJH4,Medium,
16,Dynamic Programming [Patterns and Problems],DP on LIS,Largest Divisible Subset,https://leetcode.com/problems/largest-divisible-subset/,LeetCode,,https://youtu.be/gDuZwBW9VvM,Medium,
16,Dynamic Programming [Patterns and Problems],DP on LIS,Longest String Chain,https://leetcode.com/problems/longest-string-chain/,LeetCode,,https://youtu.be/YY8iBaYcc4g,Medium,
16,Dynamic Programming [Patterns and Problems],DP on LIS,Longest Bitonic Subsequence,,takeUforward,,https://youtu.be/y4vN0WNdrlg,Medium,
16,Dynamic Programming [Patterns and Problems],DP on LIS,Number of Longest Increasing Subsequences,https://leetcode.com/problems/number-of-longest-increasing-subsequence/,LeetCode,,https://youtu.be/cKVl1TFdNXg,Medium,
16,Dynamic Programming [Patterns and Problems],MCM DP | Partition DP,Matrix chain multiplication,,takeUforward,,https://youtu.be/vRVfmbCFW7Y,Hard,
16,Dynamic Programming [Patterns and Problems],MCM DP | Partition DP,Matrix Chain Multiplication | Bottom-Up|(DP-49),,takeUforward,,https://youtu.be/pDCXsbAw5Cg,Hard,
16,Dynamic Programming [Patterns and Problems],MCM DP | Partition DP,Minimum cost to cut the stick,https://leetcode.com/problems/minimum-cost-to-cut-a-stick/,LeetCode,,https://youtu.be/xwomavsC86c,Hard,
16,Dynamic Programming [Patterns and Problems],MCM DP | Partition DP,Burst balloons,https://leetcode.com/problems/burst-balloons/,LeetCode,,https://youtu.be/Yz4LlDSlkns,Hard,
16,Dynamic Programming [Patterns and Problems],MCM DP | Partition DP,Different Ways to Evaluate a Boolean Expression,https://leetcode.com/problems/parsing-a-boolean-expression/,LeetCode,,https://youtu.be/MM7fXopgyjw,Medium,
16,Dynamic Programming [Patterns and Problems],MCM DP | Partition DP,Palindrome partitioning II ,https://leetcode.com/problems/palindrome-partitioning-ii/,LeetCode,,https://youtu.be/_H8V5hJUGd0,Hard,
16,Dynamic Programming [Patterns and Problems],MCM DP | Partition DP,Partition Array for Maximum Sum,https://leetcode.com/problems/partition-array-for-maximum-sum/,LeetCode,,https://youtu.be/PhWWJmaKfMc,Medium,
16,Dynamic Programming [Patterns and Problems],DP on Squares,Maximum Rectangle Area with all 1's|(DP-55),https://leetcode.com/problems/maximal-rectangle/,LeetCode,,https://youtu.be/tOylVCugy9k,Hard,
16,Dynamic Programming [Patterns and Problems],DP on Squares,Count Square Submatrices with All Ones|(DP-56),https://leetcode.com/problems/count-square-submatrices-with-all-ones/,LeetCode,,https://youtu.be/auS1fynpnjo,Easy,
17,Tries,Theory,Trie Implementation and Operations,https://leetcode.com/problems/implement-trie-prefix-tree/,LeetCode,,https://www.youtube.com/watch?v=dBGUmUQhjaM&list=PLgUwDviBIf0pcIDCZnxhv0LkHf5KzG9zp,Hard,
17,Tries,Problems,Trie Implementation and Advanced Operations,,takeUforward,,,Hard,
17,Tries,Problems,Longest Word with All Prefixes,,takeUforward,,https://www.youtube.com/watch?v=AWnBa91lThI&list=PLgUwDviBIf0pcIDCZnxhv0LkHf5KzG9zp&index=3,Medium,
17,Tries,Problems,Number of distinct substrings in a string,,takeUforward,,https://www.youtube.com/watch?v=RV0QeTyHZxo&list=PLgUwDviBIf0pcIDCZnxhv0LkHf5KzG9zp&index=4,Medium,
17,Tries,Problems,Bit PreRequisites for TRIE Problems,,takeUforward,,https://youtu.be/5iyuU4hQFrw,Easy,
17,Tries,Problems,Maximum XOR of two numbers in an array,https://leetcode.com/problems/maximum-xor-of-two-numbers-in-an-array/,LeetCode,,https://www.youtube.com/watch?v=EIhAwfHubE8&list=PLgUwDviBIf0pcIDCZnxhv0LkHf5KzG9zp&index=6,Hard,
17,Tries,Problems,Maximum Xor with an element from an array,https://leetcode.com/problems/maximum-xor-with-an-element-from-array/,LeetCode,,https://www.youtube.com/watch?v=Q8LhG9Pi5KM&list=PLgUwDviBIf0pcIDCZnxhv0LkHf5KzG9zp&index=7,Hard,
18,Strings,Hard Problems,Minimum number of bracket reversals to make an expression balanced,https://leetcode.com/problems/minimum-add-to-make-parentheses-valid/,LeetCode,,,Hard,
18,Strings,Hard Problems,Count and say,https://leetcode.com/problems/count-and-say/,LeetCode,,,Hard,
18,Strings,Hard Problems,Hashing In Strings | Theory,,takeUforward,,,Easy,
18,Strings,Hard Problems,Rabin Karp Algorithm,https://leetcode.com/problems/repeated-string-match/discuss/416144/Rabin-Karp-algorithm-C%2B%2B-implementation,LeetCode,,,Hard,
18,Strings,Hard Problems,Z function,,takeUforward,,,Hard,
18,Strings,Hard Problems,KMP Algorithm or LPS array,https://leetcode.com/problems/implement-strstr/,LeetCode,,,Hard,
18,Strings,Hard Problems,Shortest Palindrome,,takeUforward,,,Hard,
18,Strings,Hard Problems,Longest happy prefix,https://leetcode.com/problems/longest-happy-prefix/,LeetCode,,,Hard,
18,Strings,Hard Problems,Count Palindromic Subsequences,https://leetcode.com/problems/palindromic-substrings/,LeetCode,,,Medium,
